,x_rv,y_rv,y_rv_err,x_astrometry,y_ra,y_dec,y_ra_err,y_dec_err
0,100.0,-5.1572752512947835,0.3,108.0,-0.00015551319994277604,0.0003012214893854656,6e-05,6e-05
1,101.0,-4.354372866624696,0.3,144.0,-0.000230289120375767,0.0003563596463534645,6e-05,6e-05
2,102.0,-4.584621500907931,0.3,180.0,-0.0001351861187599773,0.0002650459469442838,6e-05,6e-05
3,103.0,-4.483129117291473,0.3,216.0,-0.00014219799705456624,0.0003047470258730789,6e-05,6e-05
4,104.0,-5.274784891509285,0.3,252.0,-0.0001020158033076167,0.0003068500533147662,6e-05,6e-05
5,105.0,-4.485102507477379,0.3,288.0,-0.00010310796339812596,0.0004162540817192641,6e-05,6e-05
6,106.0,-5.271154087331897,0.3,324.0,-9.715094016019878e-06,0.0003013203465346299,6e-05,6e-05
7,107.0,-5.131038232861281,0.3,360.0,-3.87805124646313e-05,0.0003401610440327928,6e-05,6e-05
8,108.0,-4.734482637554122,0.3,396.0,-7.429468628580029e-06,0.0002727743377953251,6e-05,6e-05
9,109.0,-5.042582689268631,0.3,432.0,2.5231797987134426e-05,0.0003597817515065064,6e-05,6e-05
10,110.0,-4.718422929484198,0.3,468.0,0.00010016339226845555,0.0003209954193836542,6e-05,6e-05
11,111.0,-4.3620656382946414,0.3,504.0,0.00014095677079163378,0.0003797231791677137,6e-05,6e-05
12,112.0,-4.7802643885202585,0.3,540.0,4.624515354410632e-05,0.0002945173312935694,6e-05,6e-05
13,113.0,-4.362097515377365,0.3,576.0,0.00021077322124953568,0.00026828227599140427,6e-05,6e-05
14,114.0,-4.331349619811244,0.3,612.0,7.17506303206875e-05,0.0002850874294682788,6e-05,6e-05
15,115.0,-4.4553454932838985,0.3,648.0,0.00016973165880073446,0.0002773402803248412,6e-05,6e-05
16,116.0,-4.497109019286166,0.3,684.0,0.00018786866985960713,0.00026548798519954804,6e-05,6e-05
17,117.0,-4.385146597076078,0.3,720.0,0.0003098562060543965,0.00017304352800877454,6e-05,6e-05
18,118.0,-4.538300779433567,0.3,756.0,8.765192042881097e-05,0.0002063047160719907,6e-05,6e-05
19,119.0,-4.706051109184444,0.3,792.0,0.00020718951457381974,0.0003464406542007062,6e-05,6e-05
20,120.0,-4.971277327472104,0.3,828.0,0.00023345393919418721,0.00023203479550630161,6e-05,6e-05
21,121.0,-4.134163890261274,0.3,864.0,0.00031367472907069835,0.0001568405105039965,6e-05,6e-05
22,122.0,-4.757399944201284,0.3,900.0,0.00037370358055445116,0.00021844300516333755,6e-05,6e-05
23,123.0,-4.9562878317250405,0.3,936.0,0.00029392216410914436,0.00014983805434999684,6e-05,6e-05
24,124.0,-4.478138864209381,0.3,972.0,0.00044539119702134575,0.00020036627218368135,6e-05,6e-05
25,125.0,-4.318995117502526,0.3,1008.0,0.0003782462793794539,9.338578994576296e-05,6e-05,6e-05
26,126.0,-4.843141753751756,0.3,1044.0,0.0003521453567232693,0.0001065506744195923,6e-05,6e-05
27,127.0,-5.183572642656239,0.3,1080.0,0.00034436847456908293,0.00014489950236096694,6e-05,6e-05
28,128.0,-4.100932027515931,0.3,1116.0,0.0005420504854746313,0.00013625402509538035,6e-05,6e-05
29,129.0,-4.279356245084611,0.3,1152.0,0.0005021363280288743,9.61037828674136e-05,6e-05,6e-05
30,130.0,-4.377890401146883,0.3,1188.0,0.00041186400633826434,-1.6686735220158235e-05,6e-05,6e-05
31,131.0,-4.7551244912952075,0.3,1224.0,0.0005072813115663652,0.00014000852390974724,6e-05,6e-05
32,132.0,-4.730773536467372,0.3,1260.0,0.00048518061047941364,-1.774187447032934e-05,6e-05,6e-05
33,133.0,-4.229330974999852,0.3,1296.0,0.0005206579887991147,1.271674410133507e-05,6e-05,6e-05
34,134.0,-4.265365557121201,0.3,1332.0,0.0004485986461708959,-7.906248186332466e-05,6e-05,6e-05
35,135.0,-4.311694944758038,0.3,1368.0,0.00041941126887096863,-6.17291688079765e-05,6e-05,6e-05
36,136.0,-4.259655385635483,0.3,1404.0,0.0005252370186195121,-7.60848960925631e-05,6e-05,6e-05
37,137.0,-4.76530865504033,0.3,1440.0,0.0005298444760876122,-9.048939476232036e-05,6e-05,6e-05
38,138.0,-4.260676242745074,0.3,1476.0,0.0005213303213186348,-0.00013320822186654342,6e-05,6e-05
39,139.0,-3.8343484899962843,0.3,1512.0,0.0005461718033134148,-8.663125609757379e-05,6e-05,6e-05
40,140.0,-4.995898747285812,0.3,1548.0,0.0004526903906919945,-0.00014406589065655247,6e-05,6e-05
41,141.0,-4.301764372733221,0.3,1584.0,0.0005943429386729113,-0.00013224180336441057,6e-05,6e-05
42,142.0,-4.4979297364648305,0.3,1620.0,0.00040910929550231137,-0.00021835004994367874,6e-05,6e-05
43,143.0,-4.438388838860193,0.3,1656.0,0.0005022768990843399,-0.00024009183361485602,6e-05,6e-05
44,144.0,-4.330981023785764,0.3,1692.0,0.00044362765916546146,-0.00013518417427328707,6e-05,6e-05
45,145.0,-4.103798492634523,0.3,1728.0,0.00046023821316464877,-0.00014177510217009445,6e-05,6e-05
46,146.0,-4.120354475167936,0.3,1764.0,0.0004081562890493611,-0.0001967249763363201,6e-05,6e-05
47,147.0,-4.42211146771902,0.3,1800.0,0.0005234073730172873,-0.0001982842965563017,6e-05,6e-05
48,148.0,-4.60189826084556,0.3,1836.0,0.0004317558093522291,-0.00035045414349190606,6e-05,6e-05
49,149.0,-4.521806787668367,0.3,1872.0,0.0004247557813054524,-0.00023143630423106478,6e-05,6e-05
50,150.0,-4.2843090325904,0.3,1908.0,0.00046369867652286303,-0.00023103539776307013,6e-05,6e-05
51,151.0,-3.2834405762546126,0.3,1944.0,0.00033835638352985186,-0.00023125301869091882,6e-05,6e-05
52,152.0,-3.9860381367283115,0.3,1980.0,0.000264754004722744,-0.0003176667197012873,6e-05,6e-05
53,153.0,-3.7626630637333105,0.3,2016.0,0.0002977903838082418,-0.00030754347143425147,6e-05,6e-05
54,154.0,-4.021493246730824,0.3,2052.0,0.00028455817268779735,-0.0002507914836280028,6e-05,6e-05
55,155.0,-4.707774570096518,0.3,2088.0,0.0003735376696153718,-0.00041663587491281835,6e-05,6e-05
56,156.0,-3.9344938795252324,0.3,2124.0,0.00023151276065783738,-0.0002914066563142645,6e-05,6e-05
57,157.0,-3.8103578504331206,0.3,2160.0,0.00021351735961251043,-0.00028966717660328507,6e-05,6e-05
58,158.0,-3.876618057552772,0.3,2196.0,0.00021041574306541864,-0.00030765078979064583,6e-05,6e-05
59,159.0,-3.9340448586059593,0.3,2232.0,0.000231138153219278,-0.00023228051364847222,6e-05,6e-05
60,160.0,-4.255855637814333,0.3,2268.0,0.0001463113681636677,-0.0002975059859297095,6e-05,6e-05
61,161.0,-4.130323511894109,0.3,2304.0,0.00012216893394308094,-0.00036712957624361457,6e-05,6e-05
62,162.0,-4.3251853083233565,0.3,2340.0,5.7193807390564216e-05,-0.00029092044704323914,6e-05,6e-05
63,163.0,-4.3377672955444435,0.3,2376.0,4.987008378132812e-05,-0.0002985016825333474,6e-05,6e-05
64,164.0,-4.101110242646165,0.3,2412.0,0.0001111663595349225,-0.00042511537512654755,6e-05,6e-05
65,165.0,-3.8262485149662027,0.3,2448.0,6.423691733340437e-05,-0.00038158528649951594,6e-05,6e-05
66,166.0,-3.4531228642801843,0.3,2484.0,6.408486948272195e-05,-0.00027207172139906183,6e-05,6e-05
67,167.0,-3.849192978053264,0.3,2520.0,-3.092546954548946e-05,-0.00029443994536114426,6e-05,6e-05
68,168.0,-3.545840102118406,0.3,2556.0,2.100050415379026e-05,-0.00029524991065463745,6e-05,6e-05
69,169.0,-4.130304308948898,0.3,2592.0,4.8769318365379436e-05,-0.0002310412516791405,6e-05,6e-05
70,170.0,-3.454391267257572,0.3,2628.0,-0.00012709223990585078,-0.0004060553886589977,6e-05,6e-05
71,171.0,-4.212842554757501,0.3,2664.0,-5.56124324889391e-05,-0.00023425823970041695,6e-05,6e-05
72,172.0,-4.074565637961631,0.3,2700.0,-0.0001038528057378778,-0.00040345389984778826,6e-05,6e-05
73,173.0,-3.974421150243316,0.3,2736.0,-6.917708306822953e-05,-0.000270962797564877,6e-05,6e-05
74,174.0,-4.2953102373001695,0.3,2772.0,-0.0001082449368378328,-0.0002971935183428553,6e-05,6e-05
75,175.0,-3.9386697281056025,0.3,2808.0,-0.0002382323554454198,-0.00019432215617117308,6e-05,6e-05
76,176.0,-3.8641669206909235,0.3,2844.0,-0.00022647057379635103,-0.0003134853953846632,6e-05,6e-05
77,177.0,-4.230299041367391,0.3,2880.0,-0.00027530399324510017,-0.0003699273509521388,6e-05,6e-05
78,178.0,-3.669412665837651,0.3,2916.0,-0.00026548039746965724,-0.0002518789476916004,6e-05,6e-05
79,179.0,-3.75554008531278,0.3,2952.0,-0.0003017304337461444,-0.0002443488723556416,6e-05,6e-05
80,360.0,-1.2133764491671706,0.3,2988.0,-0.00030527612515796466,-0.0003063892331818055,6e-05,6e-05
81,361.0,-1.5726111428605156,0.3,3024.0,-0.0003419217270523001,-0.0003032040845670658,6e-05,6e-05
82,362.0,-1.7815937371967516,0.3,3060.0,-0.0003255463596973664,-0.00021207971592868523,6e-05,6e-05
83,363.0,-1.1599952306695482,0.3,3096.0,-0.00047879258492157495,-0.0002741778435260653,6e-05,6e-05
84,364.0,-1.0611754154328867,0.3,3132.0,-0.0003838739348534275,-0.00021032221207318148,6e-05,6e-05
85,365.0,-1.620961857996248,0.3,3168.0,-0.00020131682245015314,-0.00019436511482349463,6e-05,6e-05
86,366.0,-1.2453610375913977,0.3,3204.0,-0.0004080336296765393,-0.0001400288820768656,6e-05,6e-05
87,367.0,-1.6097086579535547,0.3,3240.0,-0.000396383319189785,-9.372363171663972e-05,6e-05,6e-05
88,368.0,-1.4810050932576222,0.3,3276.0,-0.00038260790304113946,-0.00014015173650258717,6e-05,6e-05
89,369.0,-1.3322157250391968,0.3,3312.0,-0.0004972563088088416,-9.203830044637466e-05,6e-05,6e-05
90,370.0,-0.8242089993388436,0.3,3348.0,-0.0004426607107723516,-0.00015412164529057,6e-05,6e-05
91,371.0,-0.813591874721671,0.3,3384.0,-0.0004712024249111789,-1.4425207743370275e-05,6e-05,6e-05
92,372.0,-0.8922270119196908,0.3,3420.0,-0.0005468582251371089,-5.9093676234375705e-05,6e-05,6e-05
93,373.0,-1.2393908803140459,0.3,3456.0,-0.00048380363358712286,-0.00011376715502144351,6e-05,6e-05
94,374.0,-1.1643014112685741,0.3,3492.0,-0.0004901121736421614,-2.591802466982352e-06,6e-05,6e-05
95,375.0,-1.1067261212273412,0.3,3528.0,-0.00038834760661527764,-0.00010677798006735928,6e-05,6e-05
96,376.0,-0.5610781001737899,0.3,3564.0,-0.00036674933503708947,-4.086740577188299e-05,6e-05,6e-05
97,377.0,-1.3435811621494,0.3,3600.0,-0.0005102340170862571,4.642263777655e-05,6e-05,6e-05
98,378.0,-1.014893971764437,0.3,3636.0,-0.0004999620833757413,0.0001556890004343563,6e-05,6e-05
99,379.0,-0.8254511002691126,0.3,3672.0,-0.00038381932470639836,2.116130740721651e-05,6e-05,6e-05
100,380.0,-0.6814035852003772,0.3,5490.0,0.0004522015948953761,8.509836293959361e-05,2e-05,2e-05
101,381.0,-0.847159969832465,0.3,5580.0,0.0004752255761405174,5.04455788066637e-05,2e-05,2e-05
102,382.0,-1.0034292872435413,0.3,5670.0,0.0005071263409959965,1.5202037761453355e-05,2e-05,2e-05
103,383.0,-0.7330139668739799,0.3,5760.0,0.0004986772234805331,-6.114692115416862e-05,2e-05,2e-05
104,384.0,-0.6914731959915326,0.3,5850.0,0.0004767786965389991,-0.00011358882849682442,2e-05,2e-05
105,385.0,-0.5583052650451605,0.3,5940.0,0.0004571080497529212,-0.0001577409675917226,2e-05,2e-05
106,386.0,-0.9308056549909586,0.3,6030.0,0.00044725423710587927,-0.00015574474806145475,2e-05,2e-05
107,387.0,-0.8989603244601925,0.3,6120.0,0.00044930162485316594,-0.00021681704471193975,2e-05,2e-05
108,388.0,-1.3527610443787175,0.3,6210.0,0.0003836969006813682,-0.0002782697548394022,2e-05,2e-05
109,389.0,-0.6358537633997388,0.3,6300.0,0.00033118619412234057,-0.0002928702362647845,2e-05,2e-05
110,390.0,-1.1315808849075153,0.3,6390.0,0.00028765645019577374,-0.00030403517449617025,2e-05,2e-05
111,391.0,-1.1189996183501283,0.3,6480.0,0.00026103214408949876,-0.0003541533035112501,2e-05,2e-05
112,392.0,-0.8098795097672801,0.3,6570.0,0.00017508973706970206,-0.00033864143706346543,2e-05,2e-05
113,393.0,-0.7309740384323753,0.3,6660.0,0.00010089551276118113,-0.0003510826423105713,2e-05,2e-05
114,394.0,-1.3722769148863434,0.3,6750.0,7.143519892928355e-05,-0.00034745756251907225,2e-05,2e-05
115,395.0,-0.9667890773131351,0.3,6840.0,6.4353847837990695e-06,-0.0003646407954333188,2e-05,2e-05
116,396.0,-0.8732633445471233,0.3,6930.0,-6.105952014313303e-05,-0.0003407322681563039,2e-05,2e-05
117,397.0,-1.1207345282010772,0.3,7020.0,-0.00010881413714074659,-0.00032035415218808805,2e-05,2e-05
118,398.0,-0.10036650895773769,0.3,7110.0,-0.00018035830282942512,-0.00031737480539166746,2e-05,2e-05
119,399.0,-0.5626319342552064,0.3,7200.0,-0.00024214381758335302,-0.0003150290038416009,2e-05,2e-05
120,400.0,-0.5548344376703643,0.3,7290.0,-0.0002853608424756652,-0.00029615660784399107,2e-05,2e-05
121,401.0,-0.6744564282255671,0.3,,,,,
122,402.0,-0.3696183015294089,0.3,,,,,
123,403.0,-0.3903186215083959,0.3,,,,,
124,404.0,-0.6554752159281255,0.3,,,,,
125,405.0,-0.9897046175810373,0.3,,,,,
126,406.0,-0.2358658063833614,0.3,,,,,
127,407.0,-0.6857721952052676,0.3,,,,,
128,408.0,-0.6646325199489812,0.3,,,,,
129,409.0,-0.20278262595371538,0.3,,,,,
130,410.0,0.06625603947711045,0.3,,,,,
131,411.0,-0.6951574738148265,0.3,,,,,
132,412.0,-0.740008276107532,0.3,,,,,
133,413.0,-0.7518890512426526,0.3,,,,,
134,414.0,-0.5903059948578565,0.3,,,,,
135,415.0,-0.6217988853244323,0.3,,,,,
136,416.0,-0.294355523260577,0.3,,,,,
137,417.0,-0.4495551774509187,0.3,,,,,
138,418.0,-1.3508851325732412,0.3,,,,,
139,419.0,-0.3048353975489513,0.3,,,,,
140,420.0,-0.7059670011280789,0.3,,,,,
141,421.0,-0.10608997361618011,0.3,,,,,
142,422.0,-1.1029341187682755,0.3,,,,,
143,423.0,-0.5121297380318145,0.3,,,,,
144,424.0,-0.30488093031984886,0.3,,,,,
145,425.0,-0.4917023726578523,0.3,,,,,
146,426.0,0.04354433636458721,0.3,,,,,
147,427.0,-0.4795468726243497,0.3,,,,,
148,428.0,-0.2782071529255372,0.3,,,,,
149,429.0,0.013328219824131349,0.3,,,,,
150,430.0,0.003830333554699139,0.3,,,,,
151,431.0,-0.32142947209396033,0.3,,,,,
152,432.0,-0.0017198136302542522,0.3,,,,,
153,433.0,-0.21665525958911747,0.3,,,,,
154,434.0,-0.1996680529432922,0.3,,,,,
155,435.0,-0.5686353345191487,0.3,,,,,
156,436.0,-0.3134536384536197,0.3,,,,,
157,437.0,-0.3498624189665689,0.3,,,,,
158,438.0,-0.30914083408905835,0.3,,,,,
159,439.0,-0.44238377406334967,0.3,,,,,
160,440.0,-0.4653006848702196,0.3,,,,,
161,441.0,0.05505801660250287,0.3,,,,,
162,442.0,-0.12750764487013638,0.3,,,,,
163,443.0,-0.837448136179793,0.3,,,,,
164,444.0,-0.2791576494513854,0.3,,,,,
165,445.0,0.26685422003068493,0.3,,,,,
166,446.0,-0.4369969536409617,0.3,,,,,
167,447.0,0.12370854097542257,0.3,,,,,
168,448.0,-0.19472587780248568,0.3,,,,,
169,449.0,0.12285373247963081,0.3,,,,,
170,450.0,0.06693397353612805,0.3,,,,,
171,451.0,-0.2840375146455064,0.3,,,,,
172,452.0,0.20823790428100608,0.3,,,,,
173,453.0,0.009838086372207018,0.3,,,,,
174,454.0,-0.35571886293594424,0.3,,,,,
175,455.0,0.08800076838989111,0.3,,,,,
176,456.0,-0.27122525505829903,0.3,,,,,
177,457.0,0.5760337307533819,0.3,,,,,
178,458.0,0.18858714236197488,0.3,,,,,
179,459.0,-0.35522941617183956,0.3,,,,,
180,460.0,0.1610003518433856,0.3,,,,,
181,461.0,0.23291385096603895,0.3,,,,,
182,462.0,0.3260650422519601,0.3,,,,,
183,463.0,0.5777670993928345,0.3,,,,,
184,464.0,-0.18845110637512508,0.3,,,,,
185,465.0,-0.3446678353575264,0.3,,,,,
186,466.0,0.22046075499659845,0.3,,,,,
187,467.0,0.2950414444397792,0.3,,,,,
188,468.0,0.0990203258112101,0.3,,,,,
189,469.0,0.11095904893180306,0.3,,,,,
190,470.0,0.326948138454096,0.3,,,,,
191,471.0,0.28555999953185923,0.3,,,,,
192,472.0,0.16950240988155296,0.3,,,,,
193,473.0,0.5811774111893496,0.3,,,,,
194,474.0,0.7676381939678142,0.3,,,,,
195,475.0,0.6312140056236333,0.3,,,,,
196,476.0,0.5572907236847024,0.3,,,,,
197,477.0,0.4932953723379456,0.3,,,,,
198,478.0,-0.2912107919129894,0.3,,,,,
199,479.0,0.2201155930062676,0.3,,,,,
200,480.0,-0.0002820194272546428,0.3,,,,,
201,481.0,0.34898299532676064,0.3,,,,,
202,482.0,0.3723420863933921,0.3,,,,,
203,483.0,0.6235823317200946,0.3,,,,,
204,484.0,0.30850316790692545,0.3,,,,,
205,485.0,0.432606385881489,0.3,,,,,
206,486.0,0.34754131111269543,0.3,,,,,
207,487.0,0.3162883163351812,0.3,,,,,
208,488.0,0.23020939223137304,0.3,,,,,
209,489.0,0.8713760027037403,0.3,,,,,
210,490.0,0.9267479191863817,0.3,,,,,
211,491.0,0.9562934994840409,0.3,,,,,
212,492.0,0.6238541581603778,0.3,,,,,
213,493.0,0.5901861554429605,0.3,,,,,
214,494.0,-0.034958581899853236,0.3,,,,,
215,495.0,0.6913745584518854,0.3,,,,,
216,496.0,-0.03215175518336899,0.3,,,,,
217,497.0,0.18053962689413805,0.3,,,,,
218,498.0,0.2337126424486124,0.3,,,,,
219,499.0,0.35461754888222,0.3,,,,,
220,500.0,0.549855752752483,0.3,,,,,
221,501.0,0.23120772323584354,0.3,,,,,
222,502.0,0.6865295538352795,0.3,,,,,
223,503.0,0.9162136741792668,0.3,,,,,
224,504.0,0.7965241179713533,0.3,,,,,
225,505.0,0.6716275161651702,0.3,,,,,
226,506.0,0.6436830524765963,0.3,,,,,
227,507.0,0.5139663794646327,0.3,,,,,
228,508.0,1.1030491401014466,0.3,,,,,
229,509.0,1.0931109523923386,0.3,,,,,
230,510.0,0.93385756634397,0.3,,,,,
231,511.0,0.5938897126976355,0.3,,,,,
232,512.0,0.7204057194082122,0.3,,,,,
233,513.0,0.6014903006076279,0.3,,,,,
234,514.0,0.8789035605544808,0.3,,,,,
235,515.0,1.440259649602936,0.3,,,,,
236,516.0,1.206141218337788,0.3,,,,,
237,517.0,0.7370181890576701,0.3,,,,,
238,518.0,1.32454774168516,0.3,,,,,
239,519.0,0.9492761296836069,0.3,,,,,
240,520.0,0.611262734548115,0.3,,,,,
241,521.0,1.1078811674498819,0.3,,,,,
242,522.0,1.2549332111632834,0.3,,,,,
243,523.0,1.5526319565827151,0.3,,,,,
244,524.0,1.4163345404850776,0.3,,,,,
245,525.0,1.5440330265170985,0.3,,,,,
246,526.0,1.2571886585655425,0.3,,,,,
247,527.0,1.5396584239951694,0.3,,,,,
248,528.0,0.9363524889922191,0.3,,,,,
249,529.0,0.684018284345915,0.3,,,,,
250,530.0,0.8559849711796055,0.3,,,,,
251,531.0,0.9237117169617886,0.3,,,,,
252,532.0,1.1639438494048795,0.3,,,,,
253,533.0,0.9112216182584996,0.3,,,,,
254,534.0,0.7130860441603726,0.3,,,,,
255,535.0,1.1665598142316593,0.3,,,,,
256,536.0,0.8555312543579603,0.3,,,,,
257,537.0,1.1440486494847264,0.3,,,,,
258,538.0,1.706875955192486,0.3,,,,,
259,539.0,0.9514554805481741,0.3,,,,,
260,720.0,3.833816832367631,0.3,,,,,
261,721.0,3.4196035245492156,0.3,,,,,
262,722.0,3.530701334365533,0.3,,,,,
263,723.0,3.949538387452552,0.3,,,,,
264,724.0,3.606484104382178,0.3,,,,,
265,725.0,3.849447763523791,0.3,,,,,
266,726.0,3.6437244604740817,0.3,,,,,
267,727.0,3.340936355147738,0.3,,,,,
268,728.0,4.251115558738889,0.3,,,,,
269,729.0,3.8812072853433133,0.3,,,,,
270,730.0,3.7650726086021282,0.3,,,,,
271,731.0,3.876391900721004,0.3,,,,,
272,732.0,3.995519997203371,0.3,,,,,
273,733.0,4.168415908010663,0.3,,,,,
274,734.0,3.803587951807784,0.3,,,,,
275,735.0,4.008843752322873,0.3,,,,,
276,736.0,4.01469800753466,0.3,,,,,
277,737.0,4.275461138516665,0.3,,,,,
278,738.0,4.117514123461307,0.3,,,,,
279,739.0,3.9212743427441703,0.3,,,,,
280,740.0,4.287308093863342,0.3,,,,,
281,741.0,3.565474271454347,0.3,,,,,
282,742.0,3.898132760116889,0.3,,,,,
283,743.0,4.023388819135056,0.3,,,,,
284,744.0,3.8038448760457784,0.3,,,,,
285,745.0,4.152939113379977,0.3,,,,,
286,746.0,4.033233486209937,0.3,,,,,
287,747.0,4.19296628972794,0.3,,,,,
288,748.0,3.8996333402517993,0.3,,,,,
289,749.0,4.158787176218242,0.3,,,,,
290,750.0,3.694232739496196,0.3,,,,,
291,751.0,4.303497641384539,0.3,,,,,
292,752.0,4.255367295397351,0.3,,,,,
293,753.0,4.38921840145191,0.3,,,,,
294,754.0,4.183658678175031,0.3,,,,,
295,755.0,4.349264826840338,0.3,,,,,
296,756.0,3.9900325576373024,0.3,,,,,
297,757.0,4.257847433578362,0.3,,,,,
298,758.0,4.057974787849044,0.3,,,,,
299,759.0,4.479789402815717,0.3,,,,,
300,760.0,4.626476398551408,0.3,,,,,
301,761.0,4.2598735567753,0.3,,,,,
302,762.0,4.685076692092849,0.3,,,,,
303,763.0,4.123934664667009,0.3,,,,,
304,764.0,4.475749914978695,0.3,,,,,
305,765.0,4.404459590137947,0.3,,,,,
306,766.0,3.6203579032484874,0.3,,,,,
307,767.0,4.281087249014123,0.3,,,,,
308,768.0,4.184646538783257,0.3,,,,,
309,769.0,4.211315341879298,0.3,,,,,
310,770.0,4.641328101691512,0.3,,,,,
311,771.0,4.184263892892363,0.3,,,,,
312,772.0,4.644741270830732,0.3,,,,,
313,773.0,4.954487410414064,0.3,,,,,
314,774.0,4.543250039182566,0.3,,,,,
315,775.0,4.004728357441699,0.3,,,,,
316,776.0,4.307425821522427,0.3,,,,,
317,777.0,4.02856940400895,0.3,,,,,
318,778.0,4.383858787872653,0.3,,,,,
319,779.0,4.490278519843932,0.3,,,,,
320,780.0,4.633455808707675,0.3,,,,,
321,781.0,4.3832515754221895,0.3,,,,,
322,782.0,4.785475941577197,0.3,,,,,
323,783.0,4.345659718268806,0.3,,,,,
324,784.0,4.560185953023282,0.3,,,,,
325,785.0,4.801736892870526,0.3,,,,,
326,786.0,4.508358710195973,0.3,,,,,
327,787.0,4.449492011026649,0.3,,,,,
328,788.0,4.543398763182625,0.3,,,,,
329,789.0,4.168327343069905,0.3,,,,,
330,790.0,4.451543947959578,0.3,,,,,
331,791.0,5.008595179941896,0.3,,,,,
332,792.0,4.617690141898864,0.3,,,,,
333,793.0,4.703280482517472,0.3,,,,,
334,794.0,4.469649796908095,0.3,,,,,
335,795.0,4.663417751114551,0.3,,,,,
336,796.0,5.108634879119659,0.3,,,,,
337,797.0,4.886152772089192,0.3,,,,,
338,798.0,4.4495796830876975,0.3,,,,,
339,799.0,4.648987566273785,0.3,,,,,
340,800.0,4.492804426632779,0.3,,,,,
341,801.0,4.468562620170023,0.3,,,,,
342,802.0,4.625559043652615,0.3,,,,,
343,803.0,5.16554256552328,0.3,,,,,
344,804.0,4.97425538817403,0.3,,,,,
345,805.0,4.749705870744639,0.3,,,,,
346,806.0,4.529511280586404,0.3,,,,,
347,807.0,4.563427749973003,0.3,,,,,
348,808.0,4.738023539061296,0.3,,,,,
349,809.0,4.778630576143746,0.3,,,,,
350,810.0,5.13467464506483,0.3,,,,,
351,811.0,4.867169733543324,0.3,,,,,
352,812.0,5.061084123403029,0.3,,,,,
353,813.0,4.76902191236765,0.3,,,,,
354,814.0,5.127486701733034,0.3,,,,,
355,815.0,5.293517669390224,0.3,,,,,
356,816.0,4.443151567011564,0.3,,,,,
357,817.0,5.029204231858137,0.3,,,,,
358,818.0,5.50286116051304,0.3,,,,,
359,819.0,5.112915536571915,0.3,,,,,
360,820.0,5.326234973776228,0.3,,,,,
361,821.0,5.111331422130211,0.3,,,,,
362,822.0,4.818321857938168,0.3,,,,,
363,823.0,4.897990785287139,0.3,,,,,
364,824.0,5.286600178589689,0.3,,,,,
365,825.0,4.621769702406223,0.3,,,,,
366,826.0,4.39150990803719,0.3,,,,,
367,827.0,5.255804401889452,0.3,,,,,
368,828.0,5.134634038242707,0.3,,,,,
369,829.0,5.185288999320615,0.3,,,,,
370,830.0,4.972686487233676,0.3,,,,,
371,831.0,5.38627157023006,0.3,,,,,
372,832.0,4.7822022802369295,0.3,,,,,
373,833.0,5.092552734447397,0.3,,,,,
374,834.0,5.623692562504729,0.3,,,,,
375,835.0,5.542887263385825,0.3,,,,,
376,836.0,5.613841809893361,0.3,,,,,
377,837.0,5.0438362950597675,0.3,,,,,
378,838.0,5.153884153893427,0.3,,,,,
379,839.0,5.386221449016279,0.3,,,,,
380,840.0,4.868545035513557,0.3,,,,,
381,841.0,5.171508239063321,0.3,,,,,
382,842.0,4.597603084235194,0.3,,,,,
383,843.0,5.0881811981116565,0.3,,,,,
384,844.0,5.375225565300841,0.3,,,,,
385,845.0,5.299332879279325,0.3,,,,,
386,846.0,5.291071286742252,0.3,,,,,
387,847.0,5.77294114257839,0.3,,,,,
388,848.0,4.950421516479362,0.3,,,,,
389,849.0,5.45148881066107,0.3,,,,,
390,850.0,6.026597396556094,0.3,,,,,
391,851.0,5.337121115144917,0.3,,,,,
392,852.0,5.389471523470204,0.3,,,,,
393,853.0,5.240599681163259,0.3,,,,,
394,854.0,5.707048833842757,0.3,,,,,
395,855.0,5.307391043375826,0.3,,,,,
396,856.0,5.923249671553191,0.3,,,,,
397,857.0,5.516476784415494,0.3,,,,,
398,858.0,5.376741154005856,0.3,,,,,
399,859.0,6.167321729403033,0.3,,,,,
400,860.0,5.298242081643275,0.3,,,,,
401,861.0,5.314036901347636,0.3,,,,,
402,862.0,5.815324875219738,0.3,,,,,
403,863.0,5.528253221320638,0.3,,,,,
404,864.0,5.255873074063845,0.3,,,,,
405,865.0,5.519867424754547,0.3,,,,,
406,866.0,5.392008170776183,0.3,,,,,
407,867.0,5.4364314382441075,0.3,,,,,
408,868.0,5.629182519847461,0.3,,,,,
409,869.0,5.276285876156584,0.3,,,,,
410,870.0,5.667333556165568,0.3,,,,,
411,871.0,5.402947161164234,0.3,,,,,
412,872.0,5.307165007346066,0.3,,,,,
413,873.0,5.916806127149919,0.3,,,,,
414,874.0,5.845401239058834,0.3,,,,,
415,875.0,5.575664305104858,0.3,,,,,
416,876.0,5.249624412823344,0.3,,,,,
417,877.0,5.9732353979003285,0.3,,,,,
418,878.0,5.859788985066217,0.3,,,,,
419,879.0,5.582741251099564,0.3,,,,,
420,880.0,6.3760191954979755,0.3,,,,,
421,881.0,5.870842689103361,0.3,,,,,
422,882.0,5.849143682701087,0.3,,,,,
423,883.0,5.613410150414308,0.3,,,,,
424,884.0,6.269120936150939,0.3,,,,,
425,885.0,4.949094781021571,0.3,,,,,
426,886.0,5.62510348932666,0.3,,,,,
427,887.0,5.741997124609183,0.3,,,,,
428,888.0,6.144604409304617,0.3,,,,,
429,889.0,6.185178610716514,0.3,,,,,
430,890.0,6.025113313743715,0.3,,,,,
431,891.0,6.112954791813592,0.3,,,,,
432,892.0,5.864452653381021,0.3,,,,,
433,893.0,5.800228083000175,0.3,,,,,
434,894.0,5.7272390541949045,0.3,,,,,
435,895.0,6.318576244663227,0.3,,,,,
436,896.0,5.537836509737464,0.3,,,,,
437,897.0,5.462394274048879,0.3,,,,,
438,898.0,5.945450325617057,0.3,,,,,
439,899.0,5.6571126876114946,0.3,,,,,
440,1080.0,7.657668063778275,0.3,,,,,
441,1081.0,7.357090510216679,0.3,,,,,
442,1082.0,7.109619005073589,0.3,,,,,
443,1083.0,7.442415480188013,0.3,,,,,
444,1084.0,6.945855783491205,0.3,,,,,
445,1085.0,7.5443031767119635,0.3,,,,,
446,1086.0,7.588676888645175,0.3,,,,,
447,1087.0,7.383226067617725,0.3,,,,,
448,1088.0,7.756834506427858,0.3,,,,,
449,1089.0,7.179979722895254,0.3,,,,,
450,1090.0,7.783483451956506,0.3,,,,,
451,1091.0,7.131337358194556,0.3,,,,,
452,1092.0,7.76543219483766,0.3,,,,,
453,1093.0,8.210544104161283,0.3,,,,,
454,1094.0,7.2274845969622366,0.3,,,,,
455,1095.0,7.277376368496387,0.3,,,,,
456,1096.0,7.572875342127019,0.3,,,,,
457,1097.0,7.770498369253105,0.3,,,,,
458,1098.0,7.925082698915943,0.3,,,,,
459,1099.0,7.582841931549649,0.3,,,,,
460,1100.0,7.512083104909776,0.3,,,,,
461,1101.0,7.84503783506066,0.3,,,,,
462,1102.0,8.128212407137713,0.3,,,,,
463,1103.0,7.907477818839643,0.3,,,,,
464,1104.0,8.363873992627228,0.3,,,,,
465,1105.0,8.308820027559822,0.3,,,,,
466,1106.0,7.100513258154621,0.3,,,,,
467,1107.0,7.688383496773658,0.3,,,,,
468,1108.0,7.882834605474418,0.3,,,,,
469,1109.0,7.686126233145356,0.3,,,,,
470,1110.0,8.112430776646107,0.3,,,,,
471,1111.0,8.312133683555563,0.3,,,,,
472,1112.0,8.3109781615272,0.3,,,,,
473,1113.0,7.896748080607969,0.3,,,,,
474,1114.0,8.031376008427191,0.3,,,,,
475,1115.0,7.8751234783381,0.3,,,,,
476,1116.0,7.994987958934617,0.3,,,,,
477,1117.0,7.951160853197627,0.3,,,,,
478,1118.0,7.878205143014479,0.3,,,,,
479,1119.0,7.704631802758549,0.3,,,,,
480,1120.0,7.82379450715823,0.3,,,,,
481,1121.0,7.405739058224712,0.3,,,,,
482,1122.0,8.086481557198923,0.3,,,,,
483,1123.0,7.58775268805817,0.3,,,,,
484,1124.0,7.180644112305013,0.3,,,,,
485,1125.0,7.814858550142082,0.3,,,,,
486,1126.0,7.6500340859889535,0.3,,,,,
487,1127.0,7.701278286805506,0.3,,,,,
488,1128.0,7.928849766512672,0.3,,,,,
489,1129.0,8.17501763415811,0.3,,,,,
490,1130.0,7.943939592172361,0.3,,,,,
491,1131.0,7.310212903129762,0.3,,,,,
492,1132.0,8.131346793757134,0.3,,,,,
493,1133.0,7.439121840584029,0.3,,,,,
494,1134.0,7.42232713470188,0.3,,,,,
495,1135.0,8.559456419008125,0.3,,,,,
496,1136.0,7.99708028521064,0.3,,,,,
497,1137.0,8.09651906022143,0.3,,,,,
498,1138.0,7.802132379155336,0.3,,,,,
499,1139.0,7.79366068563396,0.3,,,,,
500,1140.0,8.07786086243499,0.3,,,,,
501,1141.0,8.442875812342189,0.3,,,,,
502,1142.0,8.42482701948931,0.3,,,,,
503,1143.0,8.486493655107184,0.3,,,,,
504,1144.0,7.865748693205264,0.3,,,,,
505,1145.0,8.232829085616212,0.3,,,,,
506,1146.0,8.273400877626067,0.3,,,,,
507,1147.0,8.1668218193244,0.3,,,,,
508,1148.0,8.18104605534574,0.3,,,,,
509,1149.0,7.895714122499642,0.3,,,,,
510,1150.0,7.898776507698221,0.3,,,,,
511,1151.0,7.350665639639622,0.3,,,,,
512,1152.0,7.494548033635585,0.3,,,,,
513,1153.0,8.412896114526262,0.3,,,,,
514,1154.0,7.913908903610614,0.3,,,,,
515,1155.0,8.13536325710456,0.3,,,,,
516,1156.0,8.662995164947207,0.3,,,,,
517,1157.0,7.874088719668267,0.3,,,,,
518,1158.0,7.83139177767761,0.3,,,,,
519,1159.0,8.108339426529447,0.3,,,,,
520,1160.0,7.774846928263615,0.3,,,,,
521,1161.0,7.81525727660383,0.3,,,,,
522,1162.0,8.327163421930912,0.3,,,,,
523,1163.0,7.872489627868852,0.3,,,,,
524,1164.0,8.174030030600923,0.3,,,,,
525,1165.0,8.250910361164895,0.3,,,,,
526,1166.0,8.851961574327763,0.3,,,,,
527,1167.0,8.338537604089971,0.3,,,,,
528,1168.0,7.555497306401814,0.3,,,,,
529,1169.0,7.6751044848288,0.3,,,,,
530,1170.0,7.7655858748901805,0.3,,,,,
531,1171.0,7.876905147264181,0.3,,,,,
532,1172.0,8.804374689615994,0.3,,,,,
533,1173.0,7.97499071330941,0.3,,,,,
534,1174.0,8.437603844034934,0.3,,,,,
535,1175.0,8.15684717900812,0.3,,,,,
536,1176.0,8.393306373291622,0.3,,,,,
537,1177.0,8.116977597640997,0.3,,,,,
538,1178.0,8.948120626748075,0.3,,,,,
539,1179.0,8.397487849138315,0.3,,,,,
540,1180.0,8.194185600831394,0.3,,,,,
541,1181.0,7.737479476796542,0.3,,,,,
542,1182.0,8.83651781159761,0.3,,,,,
543,1183.0,7.929288851147886,0.3,,,,,
544,1184.0,8.258866519701428,0.3,,,,,
545,1185.0,8.34063416069888,0.3,,,,,
546,1186.0,8.43103715555693,0.3,,,,,
547,1187.0,8.407276767556432,0.3,,,,,
548,1188.0,7.963912032501042,0.3,,,,,
549,1189.0,8.318848389423229,0.3,,,,,
550,1190.0,8.607349215253361,0.3,,,,,
551,1191.0,8.103163366499794,0.3,,,,,
552,1192.0,8.24331463600007,0.3,,,,,
553,1193.0,8.41388735736993,0.3,,,,,
554,1194.0,8.792232095403042,0.3,,,,,
555,1195.0,7.953939224026804,0.3,,,,,
556,1196.0,8.594379526602873,0.3,,,,,
557,1197.0,8.9408541570626,0.3,,,,,
558,1198.0,8.607855394825007,0.3,,,,,
559,1199.0,8.399850148573853,0.3,,,,,
560,1200.0,8.472298408330973,0.3,,,,,
561,1201.0,8.434819787874988,0.3,,,,,
562,1202.0,8.772892507489125,0.3,,,,,
563,1203.0,8.177790017438895,0.3,,,,,
564,1204.0,8.657193766808158,0.3,,,,,
565,1205.0,8.50853097293533,0.3,,,,,
566,1206.0,8.085925416595433,0.3,,,,,
567,1207.0,8.205540195230933,0.3,,,,,
568,1208.0,8.633811785000004,0.3,,,,,
569,1209.0,8.811666995151532,0.3,,,,,
570,1210.0,8.92110068017255,0.3,,,,,
571,1211.0,8.960347796585191,0.3,,,,,
572,1212.0,8.55042290828692,0.3,,,,,
573,1213.0,8.234889128009142,0.3,,,,,
574,1214.0,8.950862913075287,0.3,,,,,
575,1215.0,9.060893852029846,0.3,,,,,
576,1216.0,8.659217554751828,0.3,,,,,
577,1217.0,8.566905209971166,0.3,,,,,
578,1218.0,8.509275561139528,0.3,,,,,
579,1219.0,8.947910362647022,0.3,,,,,
580,1220.0,8.51776027780382,0.3,,,,,
581,1221.0,8.183467331193347,0.3,,,,,
582,1222.0,8.501702570937764,0.3,,,,,
583,1223.0,8.12463542631455,0.3,,,,,
584,1224.0,8.597403853432818,0.3,,,,,
585,1225.0,8.896010554446493,0.3,,,,,
586,1226.0,9.165320965997124,0.3,,,,,
587,1227.0,8.459976537658223,0.3,,,,,
588,1228.0,8.236831339339094,0.3,,,,,
589,1229.0,8.708863787831207,0.3,,,,,
590,1230.0,9.081074934844425,0.3,,,,,
591,1231.0,8.608488388073068,0.3,,,,,
592,1232.0,9.002943699131212,0.3,,,,,
593,1233.0,8.195202309813508,0.3,,,,,
594,1234.0,8.014054797034085,0.3,,,,,
595,1235.0,8.485288186366953,0.3,,,,,
596,1236.0,8.486299048577152,0.3,,,,,
597,1237.0,9.011814252185388,0.3,,,,,
598,1238.0,8.890694217838996,0.3,,,,,
599,1239.0,8.627357274898253,0.3,,,,,
600,1240.0,8.943381012971706,0.3,,,,,
601,1241.0,8.315892009396075,0.3,,,,,
602,1242.0,8.871322358500851,0.3,,,,,
603,1243.0,8.910398067473954,0.3,,,,,
604,1244.0,8.36641981352062,0.3,,,,,
605,1245.0,8.489440322246931,0.3,,,,,
606,1246.0,8.456160095097946,0.3,,,,,
607,1247.0,8.92355827363971,0.3,,,,,
608,1248.0,7.9739672741349805,0.3,,,,,
609,1249.0,8.757340885188194,0.3,,,,,
610,1250.0,8.672065852509697,0.3,,,,,
611,1251.0,8.585039590187053,0.3,,,,,
612,1252.0,8.484150737970399,0.3,,,,,
613,1253.0,8.769127935423473,0.3,,,,,
614,1254.0,8.790457710527871,0.3,,,,,
615,1255.0,8.841281888656251,0.3,,,,,
616,1256.0,8.997501260738884,0.3,,,,,
617,1257.0,8.230755399796815,0.3,,,,,
618,1258.0,7.904882859639997,0.3,,,,,
619,1259.0,9.14052520920144,0.3,,,,,
620,1440.0,8.849640612464677,0.3,,,,,
621,1441.0,8.760402803935387,0.3,,,,,
622,1442.0,8.918764837014606,0.3,,,,,
623,1443.0,8.975173425540294,0.3,,,,,
624,1444.0,9.37181268136425,0.3,,,,,
625,1445.0,8.832218111569626,0.3,,,,,
626,1446.0,9.566746693961539,0.3,,,,,
627,1447.0,8.733366364484443,0.3,,,,,
628,1448.0,8.871961042706623,0.3,,,,,
629,1449.0,9.007681002197325,0.3,,,,,
630,1450.0,8.668581660923584,0.3,,,,,
631,1451.0,8.859280777540418,0.3,,,,,
632,1452.0,9.152475151931373,0.3,,,,,
633,1453.0,9.08272109663926,0.3,,,,,
634,1454.0,8.771228717477793,0.3,,,,,
635,1455.0,9.034846105465913,0.3,,,,,
636,1456.0,8.656150613167323,0.3,,,,,
637,1457.0,8.881397712508754,0.3,,,,,
638,1458.0,9.256167015378967,0.3,,,,,
639,1459.0,9.254894227154859,0.3,,,,,
640,1460.0,9.742570084968307,0.3,,,,,
641,1461.0,8.423309939461792,0.3,,,,,
642,1462.0,9.401506048554745,0.3,,,,,
643,1463.0,9.137271145519671,0.3,,,,,
644,1464.0,8.874538520133312,0.3,,,,,
645,1465.0,8.828711157532089,0.3,,,,,
646,1466.0,9.025003181893528,0.3,,,,,
647,1467.0,8.995057111187325,0.3,,,,,
648,1468.0,9.136386315754713,0.3,,,,,
649,1469.0,8.866896994596184,0.3,,,,,
650,1470.0,9.163652794409224,0.3,,,,,
651,1471.0,8.586046267326386,0.3,,,,,
652,1472.0,9.07453296885537,0.3,,,,,
653,1473.0,9.418095928102785,0.3,,,,,
654,1474.0,9.378479122843531,0.3,,,,,
655,1475.0,9.042368349459208,0.3,,,,,
656,1476.0,9.436744724569765,0.3,,,,,
657,1477.0,9.084851484122636,0.3,,,,,
658,1478.0,9.453868140923017,0.3,,,,,
659,1479.0,8.990904904938388,0.3,,,,,
660,1480.0,8.913683165217904,0.3,,,,,
661,1481.0,9.299495909411009,0.3,,,,,
662,1482.0,9.50057653121036,0.3,,,,,
663,1483.0,9.062667042440475,0.3,,,,,
664,1484.0,9.351799055004793,0.3,,,,,
665,1485.0,9.46922833755583,0.3,,,,,
666,1486.0,9.576431826434646,0.3,,,,,
667,1487.0,8.651307154408594,0.3,,,,,
668,1488.0,9.22148469751304,0.3,,,,,
669,1489.0,9.279253804963265,0.3,,,,,
670,1490.0,9.25179735122086,0.3,,,,,
671,1491.0,9.26521326839857,0.3,,,,,
672,1492.0,9.388337008270588,0.3,,,,,
673,1493.0,9.19154931061621,0.3,,,,,
674,1494.0,9.304102910981781,0.3,,,,,
675,1495.0,9.123877396532533,0.3,,,,,
676,1496.0,8.999593018715217,0.3,,,,,
677,1497.0,9.023884154895448,0.3,,,,,
678,1498.0,9.361592635500465,0.3,,,,,
679,1499.0,8.74566548401306,0.3,,,,,
680,1500.0,8.843547076077733,0.3,,,,,
681,1501.0,9.006567571350239,0.3,,,,,
682,1502.0,9.007553177793682,0.3,,,,,
683,1503.0,9.158012966673033,0.3,,,,,
684,1504.0,9.487032506529893,0.3,,,,,
685,1505.0,9.045061759468512,0.3,,,,,
686,1506.0,8.888990470555882,0.3,,,,,
687,1507.0,9.573866736360253,0.3,,,,,
688,1508.0,8.897967207346184,0.3,,,,,
689,1509.0,9.107552903018718,0.3,,,,,
690,1510.0,9.014721393608298,0.3,,,,,
691,1511.0,8.827748580313685,0.3,,,,,
692,1512.0,9.174262068892347,0.3,,,,,
693,1513.0,8.962883533502243,0.3,,,,,
694,1514.0,9.461182742045537,0.3,,,,,
695,1515.0,9.33858306447399,0.3,,,,,
696,1516.0,9.128685298822486,0.3,,,,,
697,1517.0,9.057112538333236,0.3,,,,,
698,1518.0,8.700810794430677,0.3,,,,,
699,1519.0,8.836138970651987,0.3,,,,,
700,1520.0,8.532594034709025,0.3,,,,,
701,1521.0,8.791167748505655,0.3,,,,,
702,1522.0,8.803433669163717,0.3,,,,,
703,1523.0,9.060971393137779,0.3,,,,,
704,1524.0,8.803403592507085,0.3,,,,,
705,1525.0,9.262309145545846,0.3,,,,,
706,1526.0,9.449524310864035,0.3,,,,,
707,1527.0,9.30832939382433,0.3,,,,,
708,1528.0,8.994329066047753,0.3,,,,,
709,1529.0,9.439533765903377,0.3,,,,,
710,1530.0,9.224219617691299,0.3,,,,,
711,1531.0,8.827764255978693,0.3,,,,,
712,1532.0,9.724817254553395,0.3,,,,,
713,1533.0,8.992718424057628,0.3,,,,,
714,1534.0,8.948416836493424,0.3,,,,,
715,1535.0,8.700967187242068,0.3,,,,,
716,1536.0,8.720237626511636,0.3,,,,,
717,1537.0,8.908059679054123,0.3,,,,,
718,1538.0,8.904053013502583,0.3,,,,,
719,1539.0,9.934191505719662,0.3,,,,,
720,1540.0,8.827642531785708,0.3,,,,,
721,1541.0,8.799831644743193,0.3,,,,,
722,1542.0,9.136006920102579,0.3,,,,,
723,1543.0,9.570925957841762,0.3,,,,,
724,1544.0,8.891538994495608,0.3,,,,,
725,1545.0,9.025933286875649,0.3,,,,,
726,1546.0,9.390596301356984,0.3,,,,,
727,1547.0,9.398575735063467,0.3,,,,,
728,1548.0,9.194212861118949,0.3,,,,,
729,1549.0,8.508328648063475,0.3,,,,,
730,1550.0,9.91334073121949,0.3,,,,,
731,1551.0,9.506455733645913,0.3,,,,,
732,1552.0,9.005848731779643,0.3,,,,,
733,1553.0,9.48406249505346,0.3,,,,,
734,1554.0,9.374362602595287,0.3,,,,,
735,1555.0,8.36445926218471,0.3,,,,,
736,1556.0,9.28741917695271,0.3,,,,,
737,1557.0,9.121690151817738,0.3,,,,,
738,1558.0,9.1337996687429,0.3,,,,,
739,1559.0,9.408292421568875,0.3,,,,,
740,1560.0,9.32628511458638,0.3,,,,,
741,1561.0,8.730930699282062,0.3,,,,,
742,1562.0,9.227716779536754,0.3,,,,,
743,1563.0,8.62379693498411,0.3,,,,,
744,1564.0,9.183328746543193,0.3,,,,,
745,1565.0,9.114271787921286,0.3,,,,,
746,1566.0,9.038062976735192,0.3,,,,,
747,1567.0,8.671462959343959,0.3,,,,,
748,1568.0,8.87679938828172,0.3,,,,,
749,1569.0,9.224311830252088,0.3,,,,,
750,1570.0,8.413431666195407,0.3,,,,,
751,1571.0,8.856210394775363,0.3,,,,,
752,1572.0,8.969539067723563,0.3,,,,,
753,1573.0,8.84494785278938,0.3,,,,,
754,1574.0,9.574326394848091,0.3,,,,,
755,1575.0,8.690404256733707,0.3,,,,,
756,1576.0,8.779056034467981,0.3,,,,,
757,1577.0,8.819379504220482,0.3,,,,,
758,1578.0,9.253810276139045,0.3,,,,,
759,1579.0,9.045768595072584,0.3,,,,,
760,1580.0,9.351457700022374,0.3,,,,,
761,1581.0,8.499560092295207,0.3,,,,,
762,1582.0,8.845757939981434,0.3,,,,,
763,1583.0,9.213287632315602,0.3,,,,,
764,1584.0,8.648601090313441,0.3,,,,,
765,1585.0,9.124051668862203,0.3,,,,,
766,1586.0,9.302537837468197,0.3,,,,,
767,1587.0,9.193934407040533,0.3,,,,,
768,1588.0,9.156925603354614,0.3,,,,,
769,1589.0,8.965318403000776,0.3,,,,,
770,1590.0,8.756217429412727,0.3,,,,,
771,1591.0,8.694772650834521,0.3,,,,,
772,1592.0,8.608253887105533,0.3,,,,,
773,1593.0,8.81531314451824,0.3,,,,,
774,1594.0,8.98774282659257,0.3,,,,,
775,1595.0,8.706484704100022,0.3,,,,,
776,1596.0,8.801818300883385,0.3,,,,,
777,1597.0,9.162617242426094,0.3,,,,,
778,1598.0,8.72789686834957,0.3,,,,,
779,1599.0,9.148926204040626,0.3,,,,,
780,1600.0,8.959891079336685,0.3,,,,,
781,1601.0,9.350780467161552,0.3,,,,,
782,1602.0,8.33875366599753,0.3,,,,,
783,1603.0,8.695902406091426,0.3,,,,,
784,1604.0,8.279787091447393,0.3,,,,,
785,1605.0,8.499498486315755,0.3,,,,,
786,1606.0,8.401450623773632,0.3,,,,,
787,1607.0,9.6876590636409,0.3,,,,,
788,1608.0,8.7449578294161,0.3,,,,,
789,1609.0,8.927931122831097,0.3,,,,,
790,1610.0,8.238221962207449,0.3,,,,,
791,1611.0,8.81659265407487,0.3,,,,,
792,1612.0,9.014923676213103,0.3,,,,,
793,1613.0,8.69159855905001,0.3,,,,,
794,1614.0,8.296657183435952,0.3,,,,,
795,1615.0,8.856321899185854,0.3,,,,,
796,1616.0,8.753441680491429,0.3,,,,,
797,1617.0,8.203362370951254,0.3,,,,,
798,1618.0,8.947658406252256,0.3,,,,,
799,1619.0,8.78617396384594,0.3,,,,,
800,1800.0,8.681453221319607,0.3,,,,,
801,1801.0,7.745779506305361,0.3,,,,,
802,1802.0,7.458618091464378,0.3,,,,,
803,1803.0,8.058641271827998,0.3,,,,,
804,1804.0,8.521578224640884,0.3,,,,,
805,1805.0,8.116081034045946,0.3,,,,,
806,1806.0,8.12773507706848,0.3,,,,,
807,1807.0,8.301138187668762,0.3,,,,,
808,1808.0,7.885574223506375,0.3,,,,,
809,1809.0,8.101543539486121,0.3,,,,,
810,1810.0,7.49585828349544,0.3,,,,,
811,1811.0,8.061248978772628,0.3,,,,,
812,1812.0,8.304146191736136,0.3,,,,,
813,1813.0,8.132674923084648,0.3,,,,,
814,1814.0,8.115867299831294,0.3,,,,,
815,1815.0,7.864769260920573,0.3,,,,,
816,1816.0,8.124156955398027,0.3,,,,,
817,1817.0,8.097243587542149,0.3,,,,,
818,1818.0,7.937317550280623,0.3,,,,,
819,1819.0,8.056056533686972,0.3,,,,,
820,1820.0,8.008686002072759,0.3,,,,,
821,1821.0,7.371559146500652,0.3,,,,,
822,1822.0,7.8593993335759444,0.3,,,,,
823,1823.0,8.200516908736887,0.3,,,,,
824,1824.0,7.90877832451454,0.3,,,,,
825,1825.0,8.32241909138508,0.3,,,,,
826,1826.0,7.9093619375671675,0.3,,,,,
827,1827.0,8.159371074944026,0.3,,,,,
828,1828.0,7.702934070317679,0.3,,,,,
829,1829.0,8.070024282753774,0.3,,,,,
830,1830.0,7.741016662831256,0.3,,,,,
831,1831.0,7.528323538830138,0.3,,,,,
832,1832.0,7.257145145282584,0.3,,,,,
833,1833.0,7.6859163554490015,0.3,,,,,
834,1834.0,7.896612891726694,0.3,,,,,
835,1835.0,7.515371010289539,0.3,,,,,
836,1836.0,7.871801338301048,0.3,,,,,
837,1837.0,7.778972763687366,0.3,,,,,
838,1838.0,7.833103204029226,0.3,,,,,
839,1839.0,7.637096815715391,0.3,,,,,
840,1840.0,7.581428087126118,0.3,,,,,
841,1841.0,7.775261456863741,0.3,,,,,
842,1842.0,7.924370783481324,0.3,,,,,
843,1843.0,8.090023286800804,0.3,,,,,
844,1844.0,7.747476617602303,0.3,,,,,
845,1845.0,7.86529605852326,0.3,,,,,
846,1846.0,8.303751946715554,0.3,,,,,
847,1847.0,8.118421738133971,0.3,,,,,
848,1848.0,7.781665291793142,0.3,,,,,
849,1849.0,7.594428679618947,0.3,,,,,
850,1850.0,7.507242104191935,0.3,,,,,
851,1851.0,7.708900867536703,0.3,,,,,
852,1852.0,8.012325780789052,0.3,,,,,
853,1853.0,7.714123213380053,0.3,,,,,
854,1854.0,7.825435233974458,0.3,,,,,
855,1855.0,7.360347943329751,0.3,,,,,
856,1856.0,7.7420928472468935,0.3,,,,,
857,1857.0,7.967332895613391,0.3,,,,,
858,1858.0,8.213372275405636,0.3,,,,,
859,1859.0,7.174595796541563,0.3,,,,,
860,1860.0,7.6014708581034895,0.3,,,,,
861,1861.0,7.361660550207901,0.3,,,,,
862,1862.0,7.639800215160981,0.3,,,,,
863,1863.0,7.829169287500314,0.3,,,,,
864,1864.0,7.485075464979751,0.3,,,,,
865,1865.0,7.191716252545561,0.3,,,,,
866,1866.0,7.56916097284077,0.3,,,,,
867,1867.0,7.4927732726301075,0.3,,,,,
868,1868.0,7.594459819091967,0.3,,,,,
869,1869.0,8.503194276485585,0.3,,,,,
870,1870.0,8.110287303081066,0.3,,,,,
871,1871.0,7.675085843340855,0.3,,,,,
872,1872.0,7.337976488471545,0.3,,,,,
873,1873.0,7.440626515982998,0.3,,,,,
874,1874.0,7.4617627318257975,0.3,,,,,
875,1875.0,7.2757903970529405,0.3,,,,,
876,1876.0,7.911343450793192,0.3,,,,,
877,1877.0,7.268892918577315,0.3,,,,,
878,1878.0,7.866459509847813,0.3,,,,,
879,1879.0,7.20625966483641,0.3,,,,,
880,1880.0,7.836370204205344,0.3,,,,,
881,1881.0,7.898782635855583,0.3,,,,,
882,1882.0,7.242683506159997,0.3,,,,,
883,1883.0,7.759254795759738,0.3,,,,,
884,1884.0,7.784693028305291,0.3,,,,,
885,1885.0,7.877193943908012,0.3,,,,,
886,1886.0,7.751016762484062,0.3,,,,,
887,1887.0,7.5649539055910955,0.3,,,,,
888,1888.0,7.6370161442760995,0.3,,,,,
889,1889.0,7.098428208778313,0.3,,,,,
890,1890.0,7.825888331373764,0.3,,,,,
891,1891.0,7.61771604237826,0.3,,,,,
892,1892.0,7.061156202462476,0.3,,,,,
893,1893.0,7.646604064955277,0.3,,,,,
894,1894.0,7.270577566859555,0.3,,,,,
895,1895.0,7.691987645551985,0.3,,,,,
896,1896.0,7.316107682739873,0.3,,,,,
897,1897.0,7.276222282478615,0.3,,,,,
898,1898.0,7.2190451327631,0.3,,,,,
899,1899.0,7.724252684704096,0.3,,,,,
900,1900.0,7.585579183803098,0.3,,,,,
901,1901.0,7.093330705348246,0.3,,,,,
902,1902.0,7.84372169617939,0.3,,,,,
903,1903.0,7.404951443235428,0.3,,,,,
904,1904.0,7.270896575916742,0.3,,,,,
905,1905.0,7.30090762004793,0.3,,,,,
906,1906.0,7.387047912763808,0.3,,,,,
907,1907.0,7.168366895333907,0.3,,,,,
908,1908.0,6.825794819192601,0.3,,,,,
909,1909.0,7.718672074924738,0.3,,,,,
910,1910.0,7.350601997883961,0.3,,,,,
911,1911.0,7.605080842311531,0.3,,,,,
912,1912.0,7.483512348982549,0.3,,,,,
913,1913.0,7.129634668897707,0.3,,,,,
914,1914.0,7.133746155642814,0.3,,,,,
915,1915.0,7.665791358299044,0.3,,,,,
916,1916.0,7.444158497450572,0.3,,,,,
917,1917.0,6.997066121832556,0.3,,,,,
918,1918.0,7.8913885671637924,0.3,,,,,
919,1919.0,7.033334110335566,0.3,,,,,
920,1920.0,7.433105798447021,0.3,,,,,
921,1921.0,6.928985353764094,0.3,,,,,
922,1922.0,7.577941601377076,0.3,,,,,
923,1923.0,7.073355123393412,0.3,,,,,
924,1924.0,7.085608242647605,0.3,,,,,
925,1925.0,7.184025063213047,0.3,,,,,
926,1926.0,7.596354153417237,0.3,,,,,
927,1927.0,6.982626314903029,0.3,,,,,
928,1928.0,7.190593195973025,0.3,,,,,
929,1929.0,7.3901190785604145,0.3,,,,,
930,1930.0,6.639938216998999,0.3,,,,,
931,1931.0,6.867459728888169,0.3,,,,,
932,1932.0,7.072910143604545,0.3,,,,,
933,1933.0,7.092631215309629,0.3,,,,,
934,1934.0,7.192896321966514,0.3,,,,,
935,1935.0,6.8524597468660104,0.3,,,,,
936,1936.0,7.016149585467378,0.3,,,,,
937,1937.0,7.335240795288565,0.3,,,,,
938,1938.0,7.5367574721332575,0.3,,,,,
939,1939.0,7.123846610051791,0.3,,,,,
940,1940.0,6.7606142350015315,0.3,,,,,
941,1941.0,7.453231291313136,0.3,,,,,
942,1942.0,7.566586308732534,0.3,,,,,
943,1943.0,7.026440066744538,0.3,,,,,
944,1944.0,6.7058070250183,0.3,,,,,
945,1945.0,7.241369543541587,0.3,,,,,
946,1946.0,6.465997068681389,0.3,,,,,
947,1947.0,6.468167646847388,0.3,,,,,
948,1948.0,6.650176357227662,0.3,,,,,
949,1949.0,7.097988195673525,0.3,,,,,
950,1950.0,6.989988838020051,0.3,,,,,
951,1951.0,6.726521706076148,0.3,,,,,
952,1952.0,6.582640950846026,0.3,,,,,
953,1953.0,6.734490298205593,0.3,,,,,
954,1954.0,6.753168748688704,0.3,,,,,
955,1955.0,6.4298521631717485,0.3,,,,,
956,1956.0,6.696489573073663,0.3,,,,,
957,1957.0,6.827613177961853,0.3,,,,,
958,1958.0,6.953370339147907,0.3,,,,,
959,1959.0,6.750450004937763,0.3,,,,,
960,1960.0,6.633899410145689,0.3,,,,,
961,1961.0,6.315193693722609,0.3,,,,,
962,1962.0,6.735140068057274,0.3,,,,,
963,1963.0,6.482266779258674,0.3,,,,,
964,1964.0,6.638363382548856,0.3,,,,,
965,1965.0,6.470065105458677,0.3,,,,,
966,1966.0,6.462798552442642,0.3,,,,,
967,1967.0,6.578529611498337,0.3,,,,,
968,1968.0,6.618473379450578,0.3,,,,,
969,1969.0,6.23504242478011,0.3,,,,,
970,1970.0,7.037065597562798,0.3,,,,,
971,1971.0,6.756682535860315,0.3,,,,,
972,1972.0,6.827157224353103,0.3,,,,,
973,1973.0,6.82344070362862,0.3,,,,,
974,1974.0,7.096574792316697,0.3,,,,,
975,1975.0,6.8050155988016225,0.3,,,,,
976,1976.0,6.536495009893577,0.3,,,,,
977,1977.0,6.4855690875457155,0.3,,,,,
978,1978.0,6.64975453651931,0.3,,,,,
979,1979.0,6.735665328166851,0.3,,,,,
980,2160.0,5.330609299317814,0.3,,,,,
981,2161.0,4.991471621179773,0.3,,,,,
982,2162.0,4.771709321981489,0.3,,,,,
983,2163.0,5.42736016668328,0.3,,,,,
984,2164.0,5.674350840547284,0.3,,,,,
985,2165.0,4.735865990744341,0.3,,,,,
986,2166.0,4.928310003163418,0.3,,,,,
987,2167.0,5.070330171809483,0.3,,,,,
988,2168.0,5.042591872996026,0.3,,,,,
989,2169.0,5.24291444887104,0.3,,,,,
990,2170.0,4.877949538825145,0.3,,,,,
991,2171.0,4.724775348962508,0.3,,,,,
992,2172.0,4.540816946983208,0.3,,,,,
993,2173.0,5.242731439260286,0.3,,,,,
994,2174.0,5.071987375999795,0.3,,,,,
995,2175.0,4.830054030759781,0.3,,,,,
996,2176.0,5.222431406444475,0.3,,,,,
997,2177.0,4.691017603674482,0.3,,,,,
998,2178.0,5.32034791395629,0.3,,,,,
999,2179.0,5.323580454193105,0.3,,,,,
1000,2180.0,4.603236356876143,0.3,,,,,
1001,2181.0,4.803278017235991,0.3,,,,,
1002,2182.0,5.198575104535314,0.3,,,,,
1003,2183.0,5.228326656198912,0.3,,,,,
1004,2184.0,4.826337762503521,0.3,,,,,
1005,2185.0,4.749082803393703,0.3,,,,,
1006,2186.0,5.187115358014415,0.3,,,,,
1007,2187.0,5.155298438563433,0.3,,,,,
1008,2188.0,4.706306049269474,0.3,,,,,
1009,2189.0,5.042861422040429,0.3,,,,,
1010,2190.0,4.569344119967332,0.3,,,,,
1011,2191.0,4.561307558486947,0.3,,,,,
1012,2192.0,4.988561152096233,0.3,,,,,
1013,2193.0,4.678364240494327,0.3,,,,,
1014,2194.0,4.929180771585786,0.3,,,,,
1015,2195.0,5.255192969722703,0.3,,,,,
1016,2196.0,4.8300771642612075,0.3,,,,,
1017,2197.0,4.706739936447302,0.3,,,,,
1018,2198.0,4.391696364139026,0.3,,,,,
1019,2199.0,5.2826008837032274,0.3,,,,,
1020,2200.0,5.088323958793261,0.3,,,,,
1021,2201.0,4.481407514377506,0.3,,,,,
1022,2202.0,4.082909503081941,0.3,,,,,
1023,2203.0,4.832065124755982,0.3,,,,,
1024,2204.0,4.354936576293155,0.3,,,,,
1025,2205.0,4.813657818231933,0.3,,,,,
1026,2206.0,4.519987629607558,0.3,,,,,
1027,2207.0,4.5473295570868295,0.3,,,,,
1028,2208.0,3.9866856260882986,0.3,,,,,
1029,2209.0,4.831218916959439,0.3,,,,,
1030,2210.0,4.516986069021733,0.3,,,,,
1031,2211.0,4.933551655692941,0.3,,,,,
1032,2212.0,4.321454549366888,0.3,,,,,
1033,2213.0,4.78896710578465,0.3,,,,,
1034,2214.0,4.577170780563079,0.3,,,,,
1035,2215.0,4.37135799449815,0.3,,,,,
1036,2216.0,4.37879885177492,0.3,,,,,
1037,2217.0,4.144757728251184,0.3,,,,,
1038,2218.0,4.546843478369052,0.3,,,,,
1039,2219.0,4.578923565984868,0.3,,,,,
1040,2220.0,3.850073184060049,0.3,,,,,
1041,2221.0,4.717620790325592,0.3,,,,,
1042,2222.0,4.683927386390383,0.3,,,,,
1043,2223.0,4.558336029337945,0.3,,,,,
1044,2224.0,4.303288014872545,0.3,,,,,
1045,2225.0,4.083742195640948,0.3,,,,,
1046,2226.0,4.400818288122247,0.3,,,,,
1047,2227.0,4.025034011818763,0.3,,,,,
1048,2228.0,4.429658254884399,0.3,,,,,
1049,2229.0,4.484280904106239,0.3,,,,,
1050,2230.0,4.882474675444216,0.3,,,,,
1051,2231.0,4.349856509252642,0.3,,,,,
1052,2232.0,3.9177425177099314,0.3,,,,,
1053,2233.0,4.2745962618195215,0.3,,,,,
1054,2234.0,4.267022569581894,0.3,,,,,
1055,2235.0,4.125071838883833,0.3,,,,,
1056,2236.0,4.613136300025994,0.3,,,,,
1057,2237.0,3.901879199597807,0.3,,,,,
1058,2238.0,4.079491245872371,0.3,,,,,
1059,2239.0,4.098117226125915,0.3,,,,,
1060,2240.0,4.520275334040019,0.3,,,,,
1061,2241.0,3.8160739846889484,0.3,,,,,
1062,2242.0,4.000526241042903,0.3,,,,,
1063,2243.0,3.3151524024437,0.3,,,,,
1064,2244.0,3.781753199722988,0.3,,,,,
1065,2245.0,3.8036541762839984,0.3,,,,,
1066,2246.0,4.012558968698148,0.3,,,,,
1067,2247.0,3.9965832421764236,0.3,,,,,
1068,2248.0,4.086084718915318,0.3,,,,,
1069,2249.0,3.699377738203431,0.3,,,,,
1070,2250.0,3.8013454945394347,0.3,,,,,
1071,2251.0,4.247035756261422,0.3,,,,,
1072,2252.0,5.14692787242191,0.3,,,,,
1073,2253.0,4.356067686521322,0.3,,,,,
1074,2254.0,4.237406193682098,0.3,,,,,
1075,2255.0,4.0468025474957425,0.3,,,,,
1076,2256.0,3.340094536954321,0.3,,,,,
1077,2257.0,4.157441188677547,0.3,,,,,
1078,2258.0,4.005750525312231,0.3,,,,,
1079,2259.0,4.220352021833426,0.3,,,,,
1080,2260.0,3.574773661095549,0.3,,,,,
1081,2261.0,3.7468226257431834,0.3,,,,,
1082,2262.0,3.400458570234646,0.3,,,,,
1083,2263.0,4.418168470738685,0.3,,,,,
1084,2264.0,3.930117404785498,0.3,,,,,
1085,2265.0,3.1836338543084493,0.3,,,,,
1086,2266.0,3.8917143929561133,0.3,,,,,
1087,2267.0,4.402916279052456,0.3,,,,,
1088,2268.0,3.932777563074339,0.3,,,,,
1089,2269.0,4.1766295778269225,0.3,,,,,
1090,2270.0,4.244326594836599,0.3,,,,,
1091,2271.0,3.7077333658144185,0.3,,,,,
1092,2272.0,4.055583101509198,0.3,,,,,
1093,2273.0,3.8206048050538803,0.3,,,,,
1094,2274.0,3.891068691984287,0.3,,,,,
1095,2275.0,3.785616839151196,0.3,,,,,
1096,2276.0,3.416834386223548,0.3,,,,,
1097,2277.0,3.6864352957207136,0.3,,,,,
1098,2278.0,4.670201150700482,0.3,,,,,
1099,2279.0,4.091295097293578,0.3,,,,,
1100,2280.0,3.837453877594647,0.3,,,,,
1101,2281.0,3.6207617445456375,0.3,,,,,
1102,2282.0,3.4742373053622226,0.3,,,,,
1103,2283.0,3.967248327578206,0.3,,,,,
1104,2284.0,3.3092981497736393,0.3,,,,,
1105,2285.0,3.618501119167693,0.3,,,,,
1106,2286.0,3.6026729582673567,0.3,,,,,
1107,2287.0,4.079956160932453,0.3,,,,,
1108,2288.0,4.08575175565179,0.3,,,,,
1109,2289.0,3.8740311470304767,0.3,,,,,
1110,2290.0,3.8478061425575985,0.3,,,,,
1111,2291.0,3.658972529341662,0.3,,,,,
1112,2292.0,3.814230024801922,0.3,,,,,
1113,2293.0,3.393039325472108,0.3,,,,,
1114,2294.0,3.197196161701276,0.3,,,,,
1115,2295.0,3.586961800284381,0.3,,,,,
1116,2296.0,3.4331594292785854,0.3,,,,,
1117,2297.0,3.760963834070539,0.3,,,,,
1118,2298.0,3.626910409984698,0.3,,,,,
1119,2299.0,3.8458258211238996,0.3,,,,,
1120,2300.0,3.606974700796014,0.3,,,,,
1121,2301.0,3.8608490867253797,0.3,,,,,
1122,2302.0,3.5482546865713473,0.3,,,,,
1123,2303.0,3.490007432911959,0.3,,,,,
1124,2304.0,3.3914249036445274,0.3,,,,,
1125,2305.0,3.317795567741693,0.3,,,,,
1126,2306.0,3.6157107666524024,0.3,,,,,
1127,2307.0,3.5266789963889185,0.3,,,,,
1128,2308.0,3.5791549895946297,0.3,,,,,
1129,2309.0,3.383575790623487,0.3,,,,,
1130,2310.0,3.683250610657126,0.3,,,,,
1131,2311.0,3.214360532037981,0.3,,,,,
1132,2312.0,3.8432462092856254,0.3,,,,,
1133,2313.0,3.2591979457091336,0.3,,,,,
1134,2314.0,3.591619347648253,0.3,,,,,
1135,2315.0,3.3275809502548146,0.3,,,,,
1136,2316.0,3.223765608114733,0.3,,,,,
1137,2317.0,3.1837047507888108,0.3,,,,,
1138,2318.0,3.0802963569023243,0.3,,,,,
1139,2319.0,3.1954152903526167,0.3,,,,,
1140,2320.0,3.4707010351163237,0.3,,,,,
1141,2321.0,3.4453115843628503,0.3,,,,,
1142,2322.0,3.5480726842168,0.3,,,,,
1143,2323.0,3.1061004612229985,0.3,,,,,
1144,2324.0,3.345567862987945,0.3,,,,,
1145,2325.0,3.346063437294363,0.3,,,,,
1146,2326.0,3.0149901354497475,0.3,,,,,
1147,2327.0,2.725288790872369,0.3,,,,,
1148,2328.0,2.9845731143634024,0.3,,,,,
1149,2329.0,3.262051228215255,0.3,,,,,
1150,2330.0,3.275516568339128,0.3,,,,,
1151,2331.0,3.0604078393140943,0.3,,,,,
1152,2332.0,3.1472509605429333,0.3,,,,,
1153,2333.0,3.3919245229706934,0.3,,,,,
1154,2334.0,3.307472477996212,0.3,,,,,
1155,2335.0,3.379053922190696,0.3,,,,,
1156,2336.0,2.671421546501568,0.3,,,,,
1157,2337.0,3.4993730086415247,0.3,,,,,
1158,2338.0,3.555515217700944,0.3,,,,,
1159,2339.0,2.6011057110686355,0.3,,,,,
1160,2520.0,1.55399017891224,0.3,,,,,
1161,2521.0,1.278867745656464,0.3,,,,,
1162,2522.0,0.8993939345077462,0.3,,,,,
1163,2523.0,0.820454286943289,0.3,,,,,
1164,2524.0,1.0835819170185068,0.3,,,,,
1165,2525.0,0.7597510174617598,0.3,,,,,
1166,2526.0,0.8949155312327712,0.3,,,,,
1167,2527.0,0.5372650917479687,0.3,,,,,
1168,2528.0,0.6779609682398864,0.3,,,,,
1169,2529.0,0.9540915595318378,0.3,,,,,
1170,2530.0,1.2576253222617084,0.3,,,,,
1171,2531.0,0.37495863625336845,0.3,,,,,
1172,2532.0,0.4146742080088089,0.3,,,,,
1173,2533.0,0.6945942449363173,0.3,,,,,
1174,2534.0,1.110173360931838,0.3,,,,,
1175,2535.0,1.0545952841456274,0.3,,,,,
1176,2536.0,0.5400375269382902,0.3,,,,,
1177,2537.0,0.5766540767143651,0.3,,,,,
1178,2538.0,0.6859471400508235,0.3,,,,,
1179,2539.0,0.6834746043315608,0.3,,,,,
1180,2540.0,0.9571092342300125,0.3,,,,,
1181,2541.0,0.9119873366474179,0.3,,,,,
1182,2542.0,0.9879728012954136,0.3,,,,,
1183,2543.0,0.5400827103069094,0.3,,,,,
1184,2544.0,1.1278888242626395,0.3,,,,,
1185,2545.0,0.7127978394853721,0.3,,,,,
1186,2546.0,0.03335809310795024,0.3,,,,,
1187,2547.0,0.45563274618340865,0.3,,,,,
1188,2548.0,0.6185994322442567,0.3,,,,,
1189,2549.0,0.5918601075924849,0.3,,,,,
1190,2550.0,0.7278500543816874,0.3,,,,,
1191,2551.0,0.21330671839115628,0.3,,,,,
1192,2552.0,0.3035888850294389,0.3,,,,,
1193,2553.0,0.7708827159074391,0.3,,,,,
1194,2554.0,0.6642895063310998,0.3,,,,,
1195,2555.0,0.6768057967968996,0.3,,,,,
1196,2556.0,0.6195755202325229,0.3,,,,,
1197,2557.0,0.1890106097767471,0.3,,,,,
1198,2558.0,0.9673348831709048,0.3,,,,,
1199,2559.0,1.3159683612162314,0.3,,,,,
1200,2560.0,0.8274146007057123,0.3,,,,,
1201,2561.0,0.21994499157951386,0.3,,,,,
1202,2562.0,0.895336183630522,0.3,,,,,
1203,2563.0,0.5404596424880855,0.3,,,,,
1204,2564.0,0.3745176795272874,0.3,,,,,
1205,2565.0,0.890799674773348,0.3,,,,,
1206,2566.0,0.9752673643252332,0.3,,,,,
1207,2567.0,-0.36945981966988534,0.3,,,,,
1208,2568.0,0.7014630425757877,0.3,,,,,
1209,2569.0,0.2559564506541733,0.3,,,,,
1210,2570.0,0.3853919286971717,0.3,,,,,
1211,2571.0,0.31047223774265037,0.3,,,,,
1212,2572.0,0.3578989581158977,0.3,,,,,
1213,2573.0,0.6755743220717003,0.3,,,,,
1214,2574.0,-0.09327016842380614,0.3,,,,,
1215,2575.0,0.1604963506563993,0.3,,,,,
1216,2576.0,0.3372643536503726,0.3,,,,,
1217,2577.0,0.27333055351184427,0.3,,,,,
1218,2578.0,0.16355436516732114,0.3,,,,,
1219,2579.0,0.4366357769567286,0.3,,,,,
1220,2580.0,0.13696259439686628,0.3,,,,,
1221,2581.0,0.5132415674701873,0.3,,,,,
1222,2582.0,0.042796467797408255,0.3,,,,,
1223,2583.0,-0.046165305041465377,0.3,,,,,
1224,2584.0,0.6703162377338476,0.3,,,,,
1225,2585.0,0.5551952738171346,0.3,,,,,
1226,2586.0,-0.11335025479740696,0.3,,,,,
1227,2587.0,0.14076019865044,0.3,,,,,
1228,2588.0,0.04376196952420561,0.3,,,,,
1229,2589.0,0.4142361226912549,0.3,,,,,
1230,2590.0,0.2744499060244416,0.3,,,,,
1231,2591.0,0.47619919891896106,0.3,,,,,
1232,2592.0,0.16998235897023806,0.3,,,,,
1233,2593.0,0.09261824470763033,0.3,,,,,
1234,2594.0,0.021441499309152595,0.3,,,,,
1235,2595.0,0.1254084902161839,0.3,,,,,
1236,2596.0,-0.4717332913818089,0.3,,,,,
1237,2597.0,0.520211076808246,0.3,,,,,
1238,2598.0,-0.015772759669812356,0.3,,,,,
1239,2599.0,0.23309405718237228,0.3,,,,,
1240,2600.0,0.13792828686643688,0.3,,,,,
1241,2601.0,0.24100789784836898,0.3,,,,,
1242,2602.0,-0.14419240935820482,0.3,,,,,
1243,2603.0,-0.36748053285147436,0.3,,,,,
1244,2604.0,-0.3947165932642831,0.3,,,,,
1245,2605.0,-0.3633435421050495,0.3,,,,,
1246,2606.0,-0.33625935923226874,0.3,,,,,
1247,2607.0,0.24587939959571162,0.3,,,,,
1248,2608.0,-0.11601659906804189,0.3,,,,,
1249,2609.0,0.09443212471934695,0.3,,,,,
1250,2610.0,0.11700325445963847,0.3,,,,,
1251,2611.0,0.5420698135292255,0.3,,,,,
1252,2612.0,0.46154928232602166,0.3,,,,,
1253,2613.0,-0.5071036901977258,0.3,,,,,
1254,2614.0,0.06667559472870666,0.3,,,,,
1255,2615.0,-0.1591924590604007,0.3,,,,,
1256,2616.0,-0.8788200552883246,0.3,,,,,
1257,2617.0,-0.15332737937839627,0.3,,,,,
1258,2618.0,-0.04867083130016814,0.3,,,,,
1259,2619.0,-0.16813322418159876,0.3,,,,,
1260,2620.0,0.2203523406144875,0.3,,,,,
1261,2621.0,-0.36752433415367264,0.3,,,,,
1262,2622.0,0.29375123093110905,0.3,,,,,
1263,2623.0,-0.24509358005463378,0.3,,,,,
1264,2624.0,-0.24995494237548896,0.3,,,,,
1265,2625.0,0.001691445337568237,0.3,,,,,
1266,2626.0,-0.2425468451740223,0.3,,,,,
1267,2627.0,-0.4394584757717722,0.3,,,,,
1268,2628.0,-0.3578309616064629,0.3,,,,,
1269,2629.0,-0.44273633573615534,0.3,,,,,
1270,2630.0,-0.09990672663072644,0.3,,,,,
1271,2631.0,0.05462262923953193,0.3,,,,,
1272,2632.0,-0.717668669613108,0.3,,,,,
1273,2633.0,-0.3867085508789905,0.3,,,,,
1274,2634.0,-0.6018384480172315,0.3,,,,,
1275,2635.0,0.13778479790717207,0.3,,,,,
1276,2636.0,-0.1045272080222733,0.3,,,,,
1277,2637.0,-0.5196092915024401,0.3,,,,,
1278,2638.0,-0.21676044232150618,0.3,,,,,
1279,2639.0,0.12477441548860663,0.3,,,,,
1280,2640.0,-0.5641726060477755,0.3,,,,,
1281,2641.0,-0.30491267737206046,0.3,,,,,
1282,2642.0,-0.23433034775290454,0.3,,,,,
1283,2643.0,0.410667563777508,0.3,,,,,
1284,2644.0,-0.4312050172892739,0.3,,,,,
1285,2645.0,-0.31088816682244386,0.3,,,,,
1286,2646.0,-0.4049371045366221,0.3,,,,,
1287,2647.0,-0.6428549397419222,0.3,,,,,
1288,2648.0,-0.43465075775403417,0.3,,,,,
1289,2649.0,-0.2998932725674883,0.3,,,,,
1290,2650.0,-0.24387391696818236,0.3,,,,,
1291,2651.0,-0.6600404717419576,0.3,,,,,
1292,2652.0,-0.9528987357439938,0.3,,,,,
1293,2653.0,-0.9614691147705741,0.3,,,,,
1294,2654.0,-0.42804429728654275,0.3,,,,,
1295,2655.0,-0.34410393044221593,0.3,,,,,
1296,2656.0,-0.5220825135782057,0.3,,,,,
1297,2657.0,-0.37582099296663346,0.3,,,,,
1298,2658.0,-1.089907288005656,0.3,,,,,
1299,2659.0,-0.8884344203710883,0.3,,,,,
1300,2660.0,-0.2660532232978913,0.3,,,,,
1301,2661.0,-0.24458942247665416,0.3,,,,,
1302,2662.0,-0.6389001500379448,0.3,,,,,
1303,2663.0,-0.9232556564441635,0.3,,,,,
1304,2664.0,-0.6629860462518008,0.3,,,,,
1305,2665.0,-0.5526485170837331,0.3,,,,,
1306,2666.0,-0.3930433894548999,0.3,,,,,
1307,2667.0,-0.6664728653952172,0.3,,,,,
1308,2668.0,-0.659814086607484,0.3,,,,,
1309,2669.0,-1.2137937553504377,0.3,,,,,
1310,2670.0,-1.0540834063770526,0.3,,,,,
1311,2671.0,-1.2819006160600521,0.3,,,,,
1312,2672.0,-0.2599380981148977,0.3,,,,,
1313,2673.0,-0.48213248509779594,0.3,,,,,
1314,2674.0,-0.2785680853721952,0.3,,,,,
1315,2675.0,-1.0762250654287222,0.3,,,,,
1316,2676.0,-0.9209748855784983,0.3,,,,,
1317,2677.0,-0.8433344025320044,0.3,,,,,
1318,2678.0,-0.9759353039457708,0.3,,,,,
1319,2679.0,-0.7341829075355986,0.3,,,,,
1320,2680.0,-0.9386552665595812,0.3,,,,,
1321,2681.0,-1.4447142759887583,0.3,,,,,
1322,2682.0,-0.5486375442771363,0.3,,,,,
1323,2683.0,-0.6726996234579492,0.3,,,,,
1324,2684.0,-0.773109658775405,0.3,,,,,
1325,2685.0,-0.6299237884897935,0.3,,,,,
1326,2686.0,-0.7856872271670555,0.3,,,,,
1327,2687.0,-1.5058191768367646,0.3,,,,,
1328,2688.0,-1.33076734860451,0.3,,,,,
1329,2689.0,-1.0204657047650696,0.3,,,,,
1330,2690.0,-1.3375938626250625,0.3,,,,,
1331,2691.0,-0.45706811526310737,0.3,,,,,
1332,2692.0,-0.6935057871459384,0.3,,,,,
1333,2693.0,-0.8208076665118331,0.3,,,,,
1334,2694.0,-1.118932530469066,0.3,,,,,
1335,2695.0,-0.7289038713022495,0.3,,,,,
1336,2696.0,-1.017835756112463,0.3,,,,,
1337,2697.0,-1.7938768539378462,0.3,,,,,
1338,2698.0,-0.8927842123270937,0.3,,,,,
1339,2699.0,-0.9433433367935191,0.3,,,,,
1340,2880.0,-3.0840250434705725,0.3,,,,,
1341,2881.0,-3.475116395787965,0.3,,,,,
1342,2882.0,-3.5586235078937345,0.3,,,,,
1343,2883.0,-3.276633751701497,0.3,,,,,
1344,2884.0,-3.2541647611440623,0.3,,,,,
1345,2885.0,-3.2620053493416212,0.3,,,,,
1346,2886.0,-3.1089680094197965,0.3,,,,,
1347,2887.0,-3.439791442132774,0.3,,,,,
1348,2888.0,-3.2969566892427937,0.3,,,,,
1349,2889.0,-2.912146209237122,0.3,,,,,
1350,2890.0,-3.714787613378196,0.3,,,,,
1351,2891.0,-3.1537687204518776,0.3,,,,,
1352,2892.0,-2.519966314175657,0.3,,,,,
1353,2893.0,-3.5281478433657236,0.3,,,,,
1354,2894.0,-3.0718292130412053,0.3,,,,,
1355,2895.0,-3.1775949590512584,0.3,,,,,
1356,2896.0,-3.64786907551993,0.3,,,,,
1357,2897.0,-3.2812877737859782,0.3,,,,,
1358,2898.0,-3.5692938082301184,0.3,,,,,
1359,2899.0,-3.67921855787293,0.3,,,,,
1360,2900.0,-2.964918024294276,0.3,,,,,
1361,2901.0,-3.357395133581048,0.3,,,,,
1362,2902.0,-3.367596806582311,0.3,,,,,
1363,2903.0,-3.610282353067852,0.3,,,,,
1364,2904.0,-2.9529801986083806,0.3,,,,,
1365,2905.0,-3.2403309501778526,0.3,,,,,
1366,2906.0,-3.264074709376237,0.3,,,,,
1367,2907.0,-3.2615008878280696,0.3,,,,,
1368,2908.0,-2.7105965275536184,0.3,,,,,
1369,2909.0,-3.450019396006968,0.3,,,,,
1370,2910.0,-3.679902443138566,0.3,,,,,
1371,2911.0,-3.136925156665588,0.3,,,,,
1372,2912.0,-3.370574827729464,0.3,,,,,
1373,2913.0,-3.645656263695588,0.3,,,,,
1374,2914.0,-3.3924513709037676,0.3,,,,,
1375,2915.0,-3.9766859546106814,0.3,,,,,
1376,2916.0,-3.529525848446002,0.3,,,,,
1377,2917.0,-3.397640674461998,0.3,,,,,
1378,2918.0,-3.5371516568228514,0.3,,,,,
1379,2919.0,-3.9783466066380226,0.3,,,,,
1380,2920.0,-3.942354312645878,0.3,,,,,
1381,2921.0,-3.322188939367063,0.3,,,,,
1382,2922.0,-3.9861579853726816,0.3,,,,,
1383,2923.0,-3.4412048579716883,0.3,,,,,
1384,2924.0,-3.8394705702269056,0.3,,,,,
1385,2925.0,-3.8823672905844853,0.3,,,,,
1386,2926.0,-2.7535392320562586,0.3,,,,,
1387,2927.0,-4.242432341632619,0.3,,,,,
1388,2928.0,-3.349013752615927,0.3,,,,,
1389,2929.0,-3.610839773517012,0.3,,,,,
1390,2930.0,-3.4190961935254895,0.3,,,,,
1391,2931.0,-3.5241487942761696,0.3,,,,,
1392,2932.0,-3.166409749327784,0.3,,,,,
1393,2933.0,-3.7903411151613198,0.3,,,,,
1394,2934.0,-3.308473106094181,0.3,,,,,
1395,2935.0,-4.201906551035002,0.3,,,,,
1396,2936.0,-2.7460966459948,0.3,,,,,
1397,2937.0,-4.189317283191599,0.3,,,,,
1398,2938.0,-3.6360381561153425,0.3,,,,,
1399,2939.0,-4.245817315805846,0.3,,,,,
1400,2940.0,-3.804776147878084,0.3,,,,,
1401,2941.0,-4.552612909600118,0.3,,,,,
1402,2942.0,-3.819693149439532,0.3,,,,,
1403,2943.0,-4.549029198645736,0.3,,,,,
1404,2944.0,-3.905821424020244,0.3,,,,,
1405,2945.0,-3.5381398923912166,0.3,,,,,
1406,2946.0,-3.932823631104724,0.3,,,,,
1407,2947.0,-3.8573599382078867,0.3,,,,,
1408,2948.0,-3.9019355571597316,0.3,,,,,
1409,2949.0,-3.7607569488776185,0.3,,,,,
1410,2950.0,-4.183461484413252,0.3,,,,,
1411,2951.0,-3.6228681273602557,0.3,,,,,
1412,2952.0,-4.694095286770066,0.3,,,,,
1413,2953.0,-3.8112715520637805,0.3,,,,,
1414,2954.0,-3.919178534570737,0.3,,,,,
1415,2955.0,-4.259953530132964,0.3,,,,,
1416,2956.0,-4.158436990821317,0.3,,,,,
1417,2957.0,-4.461204115498753,0.3,,,,,
1418,2958.0,-4.170487005612206,0.3,,,,,
1419,2959.0,-3.3558244012232796,0.3,,,,,
1420,2960.0,-3.777777892987516,0.3,,,,,
1421,2961.0,-3.9892781537533026,0.3,,,,,
1422,2962.0,-3.696738189393023,0.3,,,,,
1423,2963.0,-4.083382841416393,0.3,,,,,
1424,2964.0,-3.8240875387366846,0.3,,,,,
1425,2965.0,-3.9053579858455425,0.3,,,,,
1426,2966.0,-4.56105759493177,0.3,,,,,
1427,2967.0,-4.3092623238614856,0.3,,,,,
1428,2968.0,-3.9750466246091776,0.3,,,,,
1429,2969.0,-4.14327258688773,0.3,,,,,
1430,2970.0,-4.169093801090861,0.3,,,,,
1431,2971.0,-4.04998045494341,0.3,,,,,
1432,2972.0,-4.058077587918354,0.3,,,,,
1433,2973.0,-4.059902236286113,0.3,,,,,
1434,2974.0,-3.8654448708795854,0.3,,,,,
1435,2975.0,-4.294260926994178,0.3,,,,,
1436,2976.0,-4.045415595219994,0.3,,,,,
1437,2977.0,-4.738667672182297,0.3,,,,,
1438,2978.0,-4.6565480997246,0.3,,,,,
1439,2979.0,-4.131542415667386,0.3,,,,,
1440,2980.0,-4.009520770905701,0.3,,,,,
1441,2981.0,-3.83044288545518,0.3,,,,,
1442,2982.0,-3.9465466811692114,0.3,,,,,
1443,2983.0,-3.763798685896792,0.3,,,,,
1444,2984.0,-3.546577678209964,0.3,,,,,
1445,2985.0,-4.51600688791816,0.3,,,,,
1446,2986.0,-4.74499391351373,0.3,,,,,
1447,2987.0,-3.5360417571480602,0.3,,,,,
1448,2988.0,-4.215418318906924,0.3,,,,,
1449,2989.0,-4.041345943318735,0.3,,,,,
1450,2990.0,-4.1330911624001,0.3,,,,,
1451,2991.0,-4.391172122005901,0.3,,,,,
1452,2992.0,-4.1375827087938974,0.3,,,,,
1453,2993.0,-4.457100418821165,0.3,,,,,
1454,2994.0,-4.403117043076371,0.3,,,,,
1455,2995.0,-4.5711180229451145,0.3,,,,,
1456,2996.0,-4.208626798248969,0.3,,,,,
1457,2997.0,-4.840536360078211,0.3,,,,,
1458,2998.0,-4.654632153782222,0.3,,,,,
1459,2999.0,-4.426821988484979,0.3,,,,,
1460,3000.0,-4.600203016513856,0.3,,,,,
1461,3001.0,-4.052037702440804,0.3,,,,,
1462,3002.0,-4.187287604400253,0.3,,,,,
1463,3003.0,-4.899631381287555,0.3,,,,,
1464,3004.0,-4.186354769885155,0.3,,,,,
1465,3005.0,-3.9162959195469504,0.3,,,,,
1466,3006.0,-4.6702912887525025,0.3,,,,,
1467,3007.0,-4.677210000549857,0.3,,,,,
1468,3008.0,-4.661026849458472,0.3,,,,,
1469,3009.0,-4.58503567952984,0.3,,,,,
1470,3010.0,-4.120986059484653,0.3,,,,,
1471,3011.0,-4.6784177264920315,0.3,,,,,
1472,3012.0,-4.455176366859336,0.3,,,,,
1473,3013.0,-4.724240423818889,0.3,,,,,
1474,3014.0,-4.356082826579164,0.3,,,,,
1475,3015.0,-4.6657955854778805,0.3,,,,,
1476,3016.0,-4.313255573295545,0.3,,,,,
1477,3017.0,-4.685463607128033,0.3,,,,,
1478,3018.0,-4.084594794487101,0.3,,,,,
1479,3019.0,-5.224560498374977,0.3,,,,,
1480,3020.0,-4.338352070721173,0.3,,,,,
1481,3021.0,-5.159823790242545,0.3,,,,,
1482,3022.0,-4.720373302041512,0.3,,,,,
1483,3023.0,-4.760765067359841,0.3,,,,,
1484,3024.0,-4.746422118031677,0.3,,,,,
1485,3025.0,-4.987693856009877,0.3,,,,,
1486,3026.0,-5.034984370249085,0.3,,,,,
1487,3027.0,-4.617385312613674,0.3,,,,,
1488,3028.0,-4.9407741324194046,0.3,,,,,
1489,3029.0,-4.747350102233986,0.3,,,,,
1490,3030.0,-4.91883908891486,0.3,,,,,
1491,3031.0,-5.041916550873296,0.3,,,,,
1492,3032.0,-4.5092981337113756,0.3,,,,,
1493,3033.0,-4.6958857239368,0.3,,,,,
1494,3034.0,-4.928067714079583,0.3,,,,,
1495,3035.0,-4.294930559935115,0.3,,,,,
1496,3036.0,-5.187650151409596,0.3,,,,,
1497,3037.0,-4.778560485815889,0.3,,,,,
1498,3038.0,-4.458631643422635,0.3,,,,,
1499,3039.0,-4.640558045705913,0.3,,,,,
1500,3040.0,-4.4386397008791985,0.3,,,,,
1501,3041.0,-4.454062166575958,0.3,,,,,
1502,3042.0,-4.914446835280013,0.3,,,,,
1503,3043.0,-4.38196702650408,0.3,,,,,
1504,3044.0,-4.932613240901847,0.3,,,,,
1505,3045.0,-4.724586985092674,0.3,,,,,
1506,3046.0,-4.661283510253599,0.3,,,,,
1507,3047.0,-5.167936683967633,0.3,,,,,
1508,3048.0,-5.103958916224608,0.3,,,,,
1509,3049.0,-4.99906299700669,0.3,,,,,
1510,3050.0,-5.017014346392265,0.3,,,,,
1511,3051.0,-4.927004347697814,0.3,,,,,
1512,3052.0,-4.994603164048508,0.3,,,,,
1513,3053.0,-4.420866455076334,0.3,,,,,
1514,3054.0,-5.198641523154937,0.3,,,,,
1515,3055.0,-4.845992563269841,0.3,,,,,
1516,3056.0,-4.937859981233031,0.3,,,,,
1517,3057.0,-5.379314147017466,0.3,,,,,
1518,3058.0,-4.6501007694038,0.3,,,,,
1519,3059.0,-5.160470794088697,0.3,,,,,
1520,3240.0,-6.615043894052867,0.3,,,,,
1521,3241.0,-6.20565140071019,0.3,,,,,
1522,3242.0,-6.563165783588976,0.3,,,,,
1523,3243.0,-6.863277498245676,0.3,,,,,
1524,3244.0,-6.253036638438548,0.3,,,,,
1525,3245.0,-6.742787552946875,0.3,,,,,
1526,3246.0,-6.905250585493792,0.3,,,,,
1527,3247.0,-7.060082250252882,0.3,,,,,
1528,3248.0,-7.163531998444397,0.3,,,,,
1529,3249.0,-7.199708497701684,0.3,,,,,
1530,3250.0,-6.2424604129655314,0.3,,,,,
1531,3251.0,-7.090376254107928,0.3,,,,,
1532,3252.0,-7.290360559453845,0.3,,,,,
1533,3253.0,-7.154343867075088,0.3,,,,,
1534,3254.0,-6.495992997937586,0.3,,,,,
1535,3255.0,-6.933959580127,0.3,,,,,
1536,3256.0,-6.275212226934915,0.3,,,,,
1537,3257.0,-6.402084039705867,0.3,,,,,
1538,3258.0,-6.920365152748874,0.3,,,,,
1539,3259.0,-6.674783619401345,0.3,,,,,
1540,3260.0,-7.067746208077859,0.3,,,,,
1541,3261.0,-6.641935795895194,0.3,,,,,
1542,3262.0,-6.837529559209433,0.3,,,,,
1543,3263.0,-7.047579037175481,0.3,,,,,
1544,3264.0,-6.265194611185415,0.3,,,,,
1545,3265.0,-7.345940544781029,0.3,,,,,
1546,3266.0,-6.85939935603074,0.3,,,,,
1547,3267.0,-6.619845175374933,0.3,,,,,
1548,3268.0,-7.472589282982544,0.3,,,,,
1549,3269.0,-7.577640358725063,0.3,,,,,
1550,3270.0,-6.759830775498991,0.3,,,,,
1551,3271.0,-6.632817324688607,0.3,,,,,
1552,3272.0,-6.864487107344689,0.3,,,,,
1553,3273.0,-7.124657805817894,0.3,,,,,
1554,3274.0,-6.848128142508943,0.3,,,,,
1555,3275.0,-6.96083563662617,0.3,,,,,
1556,3276.0,-7.286832993237197,0.3,,,,,
1557,3277.0,-7.216563312117979,0.3,,,,,
1558,3278.0,-6.924496569129496,0.3,,,,,
1559,3279.0,-6.6453520338851835,0.3,,,,,
1560,3280.0,-6.817459812228025,0.3,,,,,
1561,3281.0,-7.280655613815782,0.3,,,,,
1562,3282.0,-6.75500099185142,0.3,,,,,
1563,3283.0,-6.941340686343446,0.3,,,,,
1564,3284.0,-7.211612991227166,0.3,,,,,
1565,3285.0,-6.609861726472792,0.3,,,,,
1566,3286.0,-6.893328424086208,0.3,,,,,
1567,3287.0,-6.882909491139754,0.3,,,,,
1568,3288.0,-6.807642585292207,0.3,,,,,
1569,3289.0,-7.217449661098126,0.3,,,,,
1570,3290.0,-7.188405593538697,0.3,,,,,
1571,3291.0,-7.384556128478314,0.3,,,,,
1572,3292.0,-6.872552075782545,0.3,,,,,
1573,3293.0,-7.085880523827036,0.3,,,,,
1574,3294.0,-7.338947254537683,0.3,,,,,
1575,3295.0,-7.543047826382015,0.3,,,,,
1576,3296.0,-7.076144125597057,0.3,,,,,
1577,3297.0,-6.779750332691331,0.3,,,,,
1578,3298.0,-7.058501725880385,0.3,,,,,
1579,3299.0,-7.075990828517972,0.3,,,,,
1580,3300.0,-7.002041909289456,0.3,,,,,
1581,3301.0,-7.819341286329539,0.3,,,,,
1582,3302.0,-7.268708811061821,0.3,,,,,
1583,3303.0,-7.061308409088147,0.3,,,,,
1584,3304.0,-6.98650968984668,0.3,,,,,
1585,3305.0,-7.01213962196307,0.3,,,,,
1586,3306.0,-7.128746248132408,0.3,,,,,
1587,3307.0,-7.027986822225036,0.3,,,,,
1588,3308.0,-7.499897643416718,0.3,,,,,
1589,3309.0,-7.288935036501862,0.3,,,,,
1590,3310.0,-7.039304900609231,0.3,,,,,
1591,3311.0,-7.204114502284277,0.3,,,,,
1592,3312.0,-6.879033398634044,0.3,,,,,
1593,3313.0,-7.07483607519844,0.3,,,,,
1594,3314.0,-7.1688772567351275,0.3,,,,,
1595,3315.0,-7.382771103773036,0.3,,,,,
1596,3316.0,-7.068472276177738,0.3,,,,,
1597,3317.0,-6.907156245628293,0.3,,,,,
1598,3318.0,-7.150666060448185,0.3,,,,,
1599,3319.0,-7.217215879227169,0.3,,,,,
1600,3320.0,-7.454094637185254,0.3,,,,,
1601,3321.0,-7.029874543037407,0.3,,,,,
1602,3322.0,-7.7036237497170115,0.3,,,,,
1603,3323.0,-7.506320266124879,0.3,,,,,
1604,3324.0,-7.038260648944585,0.3,,,,,
1605,3325.0,-7.573495421405871,0.3,,,,,
1606,3326.0,-7.52893764250659,0.3,,,,,
1607,3327.0,-7.111464260459791,0.3,,,,,
1608,3328.0,-7.086616612885803,0.3,,,,,
1609,3329.0,-7.0971987932361635,0.3,,,,,
1610,3330.0,-7.637823918199462,0.3,,,,,
1611,3331.0,-7.845841094367122,0.3,,,,,
1612,3332.0,-7.140899240831684,0.3,,,,,
1613,3333.0,-6.559611854124912,0.3,,,,,
1614,3334.0,-7.131004658472158,0.3,,,,,
1615,3335.0,-7.228728471765947,0.3,,,,,
1616,3336.0,-7.7794829057111405,0.3,,,,,
1617,3337.0,-7.503093055118038,0.3,,,,,
1618,3338.0,-7.433837963794917,0.3,,,,,
1619,3339.0,-7.487064503898566,0.3,,,,,
1620,3340.0,-7.70796532793428,0.3,,,,,
1621,3341.0,-7.0845156750497535,0.3,,,,,
1622,3342.0,-7.664856373957018,0.3,,,,,
1623,3343.0,-7.454394690271926,0.3,,,,,
1624,3344.0,-7.152906485730108,0.3,,,,,
1625,3345.0,-7.260310355656528,0.3,,,,,
1626,3346.0,-8.067545134221856,0.3,,,,,
1627,3347.0,-7.710289832013986,0.3,,,,,
1628,3348.0,-7.605841566303355,0.3,,,,,
1629,3349.0,-7.581313547016284,0.3,,,,,
1630,3350.0,-7.60381195376684,0.3,,,,,
1631,3351.0,-7.2945906518299255,0.3,,,,,
1632,3352.0,-7.539597417846444,0.3,,,,,
1633,3353.0,-7.557917439659535,0.3,,,,,
1634,3354.0,-7.350258587399132,0.3,,,,,
1635,3355.0,-6.83702140871493,0.3,,,,,
1636,3356.0,-7.515527379742432,0.3,,,,,
1637,3357.0,-7.878411804202431,0.3,,,,,
1638,3358.0,-7.494086768858454,0.3,,,,,
1639,3359.0,-7.016172888367746,0.3,,,,,
1640,3360.0,-7.987533490098309,0.3,,,,,
1641,3361.0,-7.461178192348244,0.3,,,,,
1642,3362.0,-7.8425752616754245,0.3,,,,,
1643,3363.0,-7.775378224975725,0.3,,,,,
1644,3364.0,-7.3873193939431125,0.3,,,,,
1645,3365.0,-7.556668522395638,0.3,,,,,
1646,3366.0,-7.682165846843321,0.3,,,,,
1647,3367.0,-7.5584471021022495,0.3,,,,,
1648,3368.0,-7.6962729793659586,0.3,,,,,
1649,3369.0,-7.8655674915438505,0.3,,,,,
1650,3370.0,-7.489831289940464,0.3,,,,,
1651,3371.0,-7.6002050058896895,0.3,,,,,
1652,3372.0,-7.59544905649417,0.3,,,,,
1653,3373.0,-7.397034565533077,0.3,,,,,
1654,3374.0,-7.449153804845351,0.3,,,,,
1655,3375.0,-7.565719121091172,0.3,,,,,
1656,3376.0,-7.091171566097316,0.3,,,,,
1657,3377.0,-7.562487612498822,0.3,,,,,
1658,3378.0,-7.933599922364289,0.3,,,,,
1659,3379.0,-7.804752660339937,0.3,,,,,
1660,3380.0,-7.444952774741019,0.3,,,,,
1661,3381.0,-8.05282977976913,0.3,,,,,
1662,3382.0,-7.918899860735384,0.3,,,,,
1663,3383.0,-7.491944102146195,0.3,,,,,
1664,3384.0,-7.763977712847518,0.3,,,,,
1665,3385.0,-7.659033925677409,0.3,,,,,
1666,3386.0,-7.370032835745038,0.3,,,,,
1667,3387.0,-8.205031583806987,0.3,,,,,
1668,3388.0,-7.958188885045137,0.3,,,,,
1669,3389.0,-7.599334530917408,0.3,,,,,
1670,3390.0,-8.19611860943898,0.3,,,,,
1671,3391.0,-7.669102594509543,0.3,,,,,
1672,3392.0,-8.205143454342767,0.3,,,,,
1673,3393.0,-7.784967680592998,0.3,,,,,
1674,3394.0,-7.76402581430356,0.3,,,,,
1675,3395.0,-7.66762047756396,0.3,,,,,
1676,3396.0,-7.767031294185617,0.3,,,,,
1677,3397.0,-8.612102443189272,0.3,,,,,
1678,3398.0,-7.959984924940538,0.3,,,,,
1679,3399.0,-7.841624621369074,0.3,,,,,
1680,3400.0,-6.937721220012903,0.3,,,,,
1681,3401.0,-8.297222556348569,0.3,,,,,
1682,3402.0,-8.118892214583518,0.3,,,,,
1683,3403.0,-7.968042331858825,0.3,,,,,
1684,3404.0,-7.725150185825739,0.3,,,,,
1685,3405.0,-8.379663866772919,0.3,,,,,
1686,3406.0,-7.3346614690441285,0.3,,,,,
1687,3407.0,-7.908668404834679,0.3,,,,,
1688,3408.0,-7.877108867520454,0.3,,,,,
1689,3409.0,-8.218568187274087,0.3,,,,,
1690,3410.0,-7.512197754828906,0.3,,,,,
1691,3411.0,-7.623587627335519,0.3,,,,,
1692,3412.0,-7.841072898794752,0.3,,,,,
1693,3413.0,-7.757083998915776,0.3,,,,,
1694,3414.0,-8.0490687976713,0.3,,,,,
1695,3415.0,-8.073009562699395,0.3,,,,,
1696,3416.0,-8.219779522866194,0.3,,,,,
1697,3417.0,-8.52195686613615,0.3,,,,,
1698,3418.0,-8.055509489015936,0.3,,,,,
1699,3419.0,-7.922285213740623,0.3,,,,,
1700,3600.0,-8.074636228300244,0.3,,,,,
1701,3601.0,-8.689818658657444,0.3,,,,,
1702,3602.0,-8.698051128075647,0.3,,,,,
1703,3603.0,-8.25588142529707,0.3,,,,,
1704,3604.0,-8.632971433975834,0.3,,,,,
1705,3605.0,-8.713112880113979,0.3,,,,,
1706,3606.0,-8.72616559571857,0.3,,,,,
1707,3607.0,-8.87344523759007,0.3,,,,,
1708,3608.0,-8.682146218852292,0.3,,,,,
1709,3609.0,-8.920593435834022,0.3,,,,,
1710,3610.0,-9.010499717744969,0.3,,,,,
1711,3611.0,-9.03915666089505,0.3,,,,,
1712,3612.0,-8.753129979921507,0.3,,,,,
1713,3613.0,-8.802656281600546,0.3,,,,,
1714,3614.0,-9.349598092637137,0.3,,,,,
1715,3615.0,-9.426762385048173,0.3,,,,,
1716,3616.0,-8.596300932001744,0.3,,,,,
1717,3617.0,-8.63721442953299,0.3,,,,,
1718,3618.0,-8.655633586929337,0.3,,,,,
1719,3619.0,-9.169541019735092,0.3,,,,,
1720,3620.0,-8.533559242890833,0.3,,,,,
1721,3621.0,-8.77629514175682,0.3,,,,,
1722,3622.0,-8.603897755561217,0.3,,,,,
1723,3623.0,-8.494473326003826,0.3,,,,,
1724,3624.0,-8.564840853606439,0.3,,,,,
1725,3625.0,-8.759297920804412,0.3,,,,,
1726,3626.0,-9.246989752527195,0.3,,,,,
1727,3627.0,-8.802283224901396,0.3,,,,,
1728,3628.0,-8.547001937456384,0.3,,,,,
1729,3629.0,-8.5969796687082,0.3,,,,,
1730,3630.0,-8.642116824512282,0.3,,,,,
1731,3631.0,-8.566752268715161,0.3,,,,,
1732,3632.0,-8.316220693619009,0.3,,,,,
1733,3633.0,-8.663245611463323,0.3,,,,,
1734,3634.0,-8.53750206477379,0.3,,,,,
1735,3635.0,-9.007632369660097,0.3,,,,,
1736,3636.0,-9.057172293917736,0.3,,,,,
1737,3637.0,-8.97602163412156,0.3,,,,,
1738,3638.0,-9.157291732679504,0.3,,,,,
1739,3639.0,-8.742832912938397,0.3,,,,,
1740,3640.0,-8.363351720409032,0.3,,,,,
1741,3641.0,-9.303600429214592,0.3,,,,,
1742,3642.0,-8.46367516430463,0.3,,,,,
1743,3643.0,-9.451810118718763,0.3,,,,,
1744,3644.0,-9.206750031679764,0.3,,,,,
1745,3645.0,-8.552787590501767,0.3,,,,,
1746,3646.0,-9.15066046687234,0.3,,,,,
1747,3647.0,-8.444790302994338,0.3,,,,,
1748,3648.0,-9.26034525731566,0.3,,,,,
1749,3649.0,-8.889111246384859,0.3,,,,,
1750,3650.0,-8.738522640085748,0.3,,,,,
1751,3651.0,-8.832534003170721,0.3,,,,,
1752,3652.0,-9.104934925432351,0.3,,,,,
1753,3653.0,-8.748647740473132,0.3,,,,,
1754,3654.0,-8.754796278711948,0.3,,,,,
1755,3655.0,-8.560575667769172,0.3,,,,,
1756,3656.0,-8.95817308128576,0.3,,,,,
1757,3657.0,-9.054115433699101,0.3,,,,,
1758,3658.0,-8.766670955512938,0.3,,,,,
1759,3659.0,-8.417143703078132,0.3,,,,,
1760,3660.0,-8.754195099440768,0.3,,,,,
1761,3661.0,-8.751421188608699,0.3,,,,,
1762,3662.0,-9.056718026581118,0.3,,,,,
1763,3663.0,-9.271460880088737,0.3,,,,,
1764,3664.0,-8.903852663710952,0.3,,,,,
1765,3665.0,-8.473491240441017,0.3,,,,,
1766,3666.0,-9.015498376617819,0.3,,,,,
1767,3667.0,-8.495542223704234,0.3,,,,,
1768,3668.0,-9.011676874818354,0.3,,,,,
1769,3669.0,-9.140398521054424,0.3,,,,,
1770,3670.0,-9.191707835818082,0.3,,,,,
1771,3671.0,-8.76658918376394,0.3,,,,,
1772,3672.0,-9.021548011206322,0.3,,,,,
1773,3673.0,-8.680118388478261,0.3,,,,,
1774,3674.0,-8.655390012342753,0.3,,,,,
1775,3675.0,-9.14644083707112,0.3,,,,,
1776,3676.0,-8.848717267090864,0.3,,,,,
1777,3677.0,-8.93629202685446,0.3,,,,,
1778,3678.0,-8.658322224418505,0.3,,,,,
1779,3679.0,-8.673698958545032,0.3,,,,,
1780,3680.0,-8.774708495300663,0.3,,,,,
1781,3681.0,-9.084311687163387,0.3,,,,,
1782,3682.0,-9.405831725605566,0.3,,,,,
1783,3683.0,-8.62886665449783,0.3,,,,,
1784,3684.0,-8.942718180385771,0.3,,,,,
1785,3685.0,-8.599386544959984,0.3,,,,,
1786,3686.0,-8.947254598722067,0.3,,,,,
1787,3687.0,-8.755958554642604,0.3,,,,,
1788,3688.0,-9.119437068131921,0.3,,,,,
1789,3689.0,-9.04363641818512,0.3,,,,,
1790,3690.0,-9.185574604269561,0.3,,,,,
1791,3691.0,-8.54641476794775,0.3,,,,,
1792,3692.0,-9.248103998248299,0.3,,,,,
1793,3693.0,-9.482780407824025,0.3,,,,,
1794,3694.0,-9.21175011586426,0.3,,,,,
1795,3695.0,-9.058124625830805,0.3,,,,,
1796,3696.0,-9.144608759955196,0.3,,,,,
1797,3697.0,-8.817603676918809,0.3,,,,,
1798,3698.0,-8.845891681555853,0.3,,,,,
1799,3699.0,-8.681073345696667,0.3,,,,,
